ReservationID,ReservationDate,NumberOfPeople,Status,ProviderID,TouristID
1,11/11/2025,9,Cancelled,26,16921
2,11/12/2025,6,Confirmed,265,10530
3,20/01/2026,3,Confirmed,164,12597
4,06/05/2025,16,Cancelled,368,600
5,28/04/2025,3,Confirmed,268,6902
6,20/11/2025,10,Cancelled,306,1148
7,29/07/2025,8,Pending,368,12539
8,05/01/2026,7,Cancelled,439,14798
9,22/03/2026,15,Cancelled,262,17702
10,06/07/2025,5,Confirmed,460,18607
11,12/05/2025,3,Confirmed,70,1592
12,25/03/2026,5,Confirmed,208,15032
13,12/07/2025,20,Pending,23,1070
14,20/09/2025,12,Cancelled,94,11701
15,28/07/2025,6,Pending,110,10171
16,01/04/2026,8,Confirmed,484,136
17,02/10/2025,8,Confirmed,427,15361
18,18/03/2026,17,Confirmed,185,7484
19,15/04/2025,16,Pending,369,10656
20,31/05/2025,19,Cancelled,359,1856
21,06/11/2025,14,Cancelled,271,1185
22,18/02/2026,6,Confirmed,308,16757
23,29/07/2025,6,Confirmed,60,18318
24,16/04/2025,5,Confirmed,349,15949
25,23/08/2025,9,Confirmed,381,4707
26,07/07/2025,20,Confirmed,79,5545
27,23/06/2025,16,Cancelled,131,11535
28,14/02/2026,14,Confirmed,443,17392
29,23/02/2026,12,Cancelled,187,7406
30,19/05/2025,12,Pending,333,12002
31,08/01/2026,4,Cancelled,377,12670
32,04/06/2025,1,Pending,167,18233
33,29/08/2025,17,Cancelled,214,17831
34,09/10/2025,5,Pending,33,18325
35,11/10/2025,20,Cancelled,33,15283
36,27/02/2026,8,Pending,196,74
37,10/09/2025,11,Pending,455,2443
38,27/05/2025,13,Pending,359,16400
39,11/04/2026,17,Cancelled,200,4005
40,08/09/2025,17,Confirmed,238,13690
41,27/06/2025,10,Pending,128,16406
42,04/01/2026,12,Cancelled,488,13139
43,14/08/2025,15,Pending,376,6600
44,27/06/2025,12,Pending,165,10644
45,27/11/2025,7,Cancelled,72,1536
46,20/01/2026,13,Pending,399,8321
47,15/07/2025,14,Cancelled,356,1516
48,20/03/2026,1,Cancelled,240,7829
49,27/08/2025,1,Cancelled,183,7576
50,07/04/2026,15,Confirmed,22,1372
51,21/03/2026,1,Cancelled,172,15912
52,10/12/2025,9,Cancelled,186,722
53,21/06/2025,4,Pending,444,10136
54,18/05/2025,10,Confirmed,22,9413
55,06/03/2026,4,Cancelled,259,759
56,06/09/2025,2,Confirmed,137,7355
57,20/09/2025,5,Cancelled,424,11017
58,08/08/2025,12,Confirmed,273,6387
59,12/08/2025,9,Confirmed,336,12351
60,07/10/2025,14,Confirmed,344,4681
61,05/02/2026,8,Cancelled,39,19388
62,29/06/2025,13,Cancelled,9,1466
63,05/07/2025,4,Confirmed,143,19761
64,03/11/2025,18,Confirmed,447,3320
65,06/08/2025,10,Pending,71,8984
66,07/02/2026,12,Cancelled,434,14858
67,15/05/2025,5,Confirmed,437,13729
68,03/10/2025,7,Cancelled,225,486
69,27/06/2025,1,Confirmed,44,6503
70,07/05/2025,11,Pending,217,15685
71,20/04/2025,9,Pending,217,16775
72,02/06/2025,20,Cancelled,213,1075
73,26/05/2025,6,Pending,132,3022
74,26/11/2025,11,Confirmed,422,7485
75,14/04/2025,18,Pending,348,13920
76,21/06/2025,19,Confirmed,193,1846
77,30/11/2025,1,Pending,500,16145
78,08/06/2025,1,Cancelled,390,1657
79,03/08/2025,18,Cancelled,6,18574
80,01/10/2025,2,Cancelled,231,690
81,26/07/2025,3,Confirmed,329,6219
82,17/11/2025,8,Pending,46,13133
83,20/08/2025,20,Cancelled,160,8170
84,14/02/2026,17,Cancelled,124,5320
85,21/02/2026,20,Confirmed,466,6061
86,15/08/2025,14,Pending,156,19312
87,27/05/2025,3,Cancelled,50,5800
88,17/08/2025,20,Cancelled,411,11914
89,28/11/2025,6,Pending,415,10017
90,17/06/2025,16,Cancelled,291,11043
91,28/02/2026,14,Cancelled,339,13631
92,14/04/2025,7,Pending,338,3405
93,03/07/2025,18,Cancelled,106,4306
94,26/02/2026,8,Pending,368,13465
95,30/06/2025,17,Cancelled,72,4220
96,27/03/2026,20,Cancelled,262,9799
97,24/12/2025,17,Cancelled,192,17742
98,07/03/2026,13,Pending,40,13893
99,26/05/2025,14,Confirmed,494,1953
100,05/09/2025,2,Pending,129,10540
101,06/03/2026,14,Pending,324,1251
102,25/12/2025,14,Confirmed,351,15871
103,21/12/2025,12,Pending,35,14599
104,23/06/2025,18,Pending,283,4771
105,27/11/2025,12,Pending,390,16000
106,01/06/2025,13,Confirmed,94,2070
107,11/04/2026,9,Confirmed,403,19831
108,04/11/2025,7,Confirmed,475,12871
109,25/03/2026,11,Pending,224,7462
110,18/06/2025,6,Pending,434,3703
111,08/08/2025,17,Pending,98,15726
112,03/09/2025,3,Confirmed,67,6924
113,29/07/2025,18,Cancelled,209,9244
114,02/08/2025,5,Cancelled,57,15138
115,18/12/2025,3,Cancelled,47,17405
116,21/07/2025,12,Cancelled,52,12
117,02/07/2025,3,Confirmed,420,5012
118,16/08/2025,15,Pending,462,17475
119,11/02/2026,13,Confirmed,280,5801
120,21/07/2025,15,Confirmed,152,14329
121,20/04/2025,6,Confirmed,1,19871
122,07/11/2025,1,Confirmed,401,4626
123,24/10/2025,8,Confirmed,7,3340
124,09/07/2025,7,Cancelled,277,17238
125,02/03/2026,9,Cancelled,475,19783
126,26/04/2025,4,Confirmed,227,89
127,18/08/2025,12,Cancelled,152,1508
128,31/07/2025,8,Confirmed,262,2433
129,01/01/2026,9,Pending,209,6318
130,24/07/2025,5,Cancelled,418,7493
131,11/06/2025,20,Pending,106,417
132,23/12/2025,12,Cancelled,452,7892
133,29/09/2025,6,Cancelled,39,10438
134,20/04/2025,1,Cancelled,387,5415
135,15/06/2025,1,Pending,182,1583
136,02/12/2025,18,Confirmed,500,9690
137,25/01/2026,19,Confirmed,424,13554
138,05/03/2026,17,Confirmed,210,287
139,04/10/2025,13,Confirmed,312,19682
140,16/10/2025,1,Confirmed,350,12483
141,19/10/2025,4,Cancelled,424,5830
142,15/05/2025,14,Cancelled,48,2452
143,17/05/2025,8,Cancelled,298,15322
144,01/10/2025,20,Confirmed,494,4460
145,28/04/2025,2,Cancelled,133,18585
146,31/05/2025,4,Pending,426,7173
147,04/06/2025,6,Cancelled,423,12352
148,03/11/2025,5,Cancelled,350,532
149,10/08/2025,14,Pending,413,17845
150,20/05/2025,7,Cancelled,500,7460
151,25/06/2025,19,Confirmed,145,319
152,22/12/2025,14,Cancelled,51,2935
153,06/07/2025,18,Confirmed,413,16439
154,26/03/2026,17,Confirmed,157,9721
155,24/03/2026,12,Confirmed,240,13878
156,27/02/2026,14,Pending,399,18768
157,24/12/2025,2,Pending,185,4289
158,23/05/2025,10,Cancelled,347,12575
159,02/09/2025,2,Confirmed,295,10496
160,14/05/2025,6,Cancelled,123,12495
161,18/08/2025,17,Confirmed,63,5729
162,05/06/2025,15,Pending,133,13870
163,14/11/2025,1,Cancelled,364,11253
164,03/02/2026,13,Pending,453,4242
165,17/12/2025,5,Pending,331,16525
166,16/10/2025,10,Cancelled,89,19924
167,09/06/2025,9,Cancelled,334,1295
168,08/03/2026,6,Cancelled,4,8809
169,23/10/2025,1,Cancelled,337,6136
170,06/12/2025,9,Cancelled,102,7748
171,20/04/2025,16,Cancelled,290,19784
172,07/08/2025,4,Pending,126,6703
173,15/10/2025,15,Confirmed,310,11540
174,17/09/2025,12,Confirmed,231,9840
175,24/12/2025,19,Confirmed,303,13576
176,12/11/2025,1,Cancelled,355,14273
177,09/12/2025,10,Cancelled,351,19917
178,04/01/2026,17,Confirmed,476,9973
179,05/09/2025,19,Cancelled,77,2477
180,22/06/2025,10,Pending,253,15449
181,28/08/2025,18,Pending,299,4639
182,03/05/2025,8,Confirmed,56,1188
183,14/10/2025,11,Cancelled,14,11893
184,05/10/2025,12,Cancelled,308,8806
185,12/11/2025,17,Pending,244,10633
186,02/04/2026,19,Pending,143,2730
187,31/03/2026,13,Cancelled,415,9390
188,27/04/2025,3,Confirmed,386,16461
189,04/04/2026,13,Pending,373,8496
190,21/06/2025,14,Pending,250,14218
191,26/09/2025,15,Cancelled,405,18903
192,09/12/2025,16,Pending,11,298
193,24/12/2025,18,Cancelled,276,350
194,24/11/2025,8,Cancelled,10,18004
195,11/10/2025,4,Cancelled,298,14694
196,22/11/2025,17,Confirmed,140,11810
197,14/03/2026,20,Pending,235,107
198,01/02/2026,10,Cancelled,429,17635
199,14/01/2026,8,Confirmed,259,13009
200,08/09/2025,17,Pending,241,2511
201,05/05/2025,8,Cancelled,189,17456
202,21/10/2025,11,Pending,213,19934
203,28/03/2026,5,Confirmed,445,9778
204,14/08/2025,3,Confirmed,10,1299
205,26/01/2026,10,Pending,165,10811
206,07/02/2026,17,Confirmed,379,10882
207,17/01/2026,2,Confirmed,120,13499
208,03/09/2025,1,Cancelled,127,1240
209,12/07/2025,16,Cancelled,491,2958
210,10/08/2025,19,Confirmed,159,7037
211,16/09/2025,4,Cancelled,264,10442
212,08/10/2025,8,Cancelled,193,16210
213,10/11/2025,2,Cancelled,319,17089
214,18/07/2025,8,Pending,242,10267
215,09/04/2026,2,Pending,8,19066
216,27/09/2025,4,Cancelled,109,16653
217,13/04/2026,17,Pending,222,9935
218,13/03/2026,11,Cancelled,297,400
219,06/08/2025,2,Confirmed,6,123
220,26/01/2026,1,Cancelled,334,13062
221,01/08/2025,7,Confirmed,25,16698
222,09/12/2025,12,Cancelled,465,15342
223,21/08/2025,11,Cancelled,160,733
224,14/11/2025,6,Pending,228,622
225,05/03/2026,6,Confirmed,439,11857
226,27/10/2025,1,Cancelled,39,1750
227,10/07/2025,18,Cancelled,168,7279
228,28/09/2025,1,Cancelled,445,8392
229,10/07/2025,5,Cancelled,189,6652
230,17/09/2025,15,Pending,340,2652
231,13/11/2025,20,Pending,193,374
232,01/12/2025,15,Cancelled,226,4944
233,27/04/2025,3,Cancelled,195,2310
234,15/07/2025,20,Confirmed,33,14024
235,10/06/2025,4,Cancelled,475,2083
236,27/04/2025,10,Pending,400,6726
237,30/04/2025,8,Confirmed,139,15400
238,20/06/2025,6,Cancelled,13,5741
239,06/07/2025,2,Confirmed,393,3292
240,20/05/2025,6,Confirmed,194,8724
241,09/06/2025,11,Pending,90,16783
242,02/10/2025,7,Cancelled,3,4146
243,15/09/2025,19,Confirmed,290,2523
244,14/05/2025,18,Pending,346,2884
245,31/10/2025,12,Confirmed,393,11431
246,12/12/2025,11,Cancelled,218,15679
247,27/03/2026,10,Cancelled,104,13565
248,19/06/2025,20,Pending,337,16330
249,11/07/2025,10,Confirmed,443,15782
250,16/04/2025,4,Confirmed,88,14627
251,07/02/2026,3,Cancelled,381,13857
252,25/02/2026,12,Cancelled,438,11111
253,08/02/2026,9,Confirmed,150,14533
254,07/05/2025,8,Confirmed,257,18505
255,02/03/2026,20,Pending,61,17669
256,16/04/2025,13,Pending,282,8176
257,26/03/2026,11,Confirmed,485,13987
258,15/10/2025,11,Confirmed,156,9484
259,21/10/2025,12,Cancelled,168,12922
260,22/07/2025,15,Pending,466,3600
261,29/10/2025,4,Confirmed,49,2692
262,26/12/2025,14,Cancelled,190,18278
263,07/05/2025,20,Cancelled,431,18323
264,24/12/2025,17,Pending,214,10927
265,20/06/2025,18,Pending,304,5710
266,22/09/2025,9,Confirmed,412,13871
267,09/03/2026,13,Pending,254,13585
268,06/09/2025,13,Pending,241,430
269,14/07/2025,20,Pending,33,19911
270,13/10/2025,18,Cancelled,127,9264
271,31/10/2025,20,Pending,40,4930
272,06/01/2026,11,Pending,278,7338
273,10/05/2025,19,Cancelled,59,1099
274,15/09/2025,9,Confirmed,397,17233
275,22/01/2026,13,Cancelled,158,17693
276,16/09/2025,4,Pending,495,14291
277,22/07/2025,10,Pending,106,3987
278,19/12/2025,11,Confirmed,181,12134
279,12/04/2026,8,Pending,183,6532
280,07/07/2025,3,Confirmed,325,16645
281,04/06/2025,8,Confirmed,202,13906
282,31/10/2025,16,Pending,68,4342
283,09/10/2025,8,Cancelled,52,1000
284,30/08/2025,2,Confirmed,223,1346
285,27/04/2025,10,Cancelled,103,12600
286,10/06/2025,17,Confirmed,53,9497
287,22/08/2025,15,Pending,313,2586
288,03/05/2025,20,Cancelled,197,4043
289,31/10/2025,2,Confirmed,273,384
290,16/03/2026,4,Cancelled,415,3326
291,22/11/2025,14,Confirmed,183,4204
292,24/04/2025,15,Confirmed,135,5908
293,02/05/2025,12,Cancelled,150,810
294,01/08/2025,10,Confirmed,337,17852
295,13/10/2025,11,Cancelled,458,11072
296,23/12/2025,7,Confirmed,74,1488
297,25/08/2025,12,Confirmed,457,15219
298,02/05/2025,9,Confirmed,155,5500
299,15/12/2025,12,Confirmed,256,4019
300,25/07/2025,3,Confirmed,194,5891
301,02/07/2025,13,Cancelled,493,9959
302,29/05/2025,18,Cancelled,233,7201
303,19/08/2025,19,Confirmed,230,13686
304,02/01/2026,2,Cancelled,263,6656
305,13/10/2025,12,Cancelled,182,12699
306,13/12/2025,4,Confirmed,288,3300
307,28/11/2025,20,Pending,254,13962
308,27/08/2025,10,Pending,199,16148
309,15/10/2025,2,Pending,384,3843
310,18/07/2025,20,Pending,104,5216
311,16/02/2026,11,Cancelled,72,14187
312,29/10/2025,13,Pending,360,9883
313,02/11/2025,7,Cancelled,340,2986
314,26/04/2025,14,Cancelled,398,14892
315,13/07/2025,6,Cancelled,349,8505
316,22/11/2025,16,Cancelled,27,6377
317,12/01/2026,7,Cancelled,144,2744
318,09/03/2026,3,Cancelled,470,13467
319,26/08/2025,13,Confirmed,60,10297
320,30/03/2026,11,Pending,391,19149
321,18/05/2025,8,Cancelled,203,11004
322,12/04/2026,2,Cancelled,41,17085
323,05/11/2025,16,Pending,35,8462
324,26/09/2025,20,Pending,14,17843
325,05/03/2026,8,Confirmed,22,109
326,25/10/2025,6,Confirmed,156,10442
327,20/09/2025,3,Cancelled,92,11764
328,22/01/2026,18,Pending,321,3628
329,07/11/2025,13,Cancelled,74,17948
330,17/08/2025,10,Pending,472,3574
331,25/02/2026,13,Confirmed,233,10395
332,28/11/2025,9,Cancelled,284,8824
333,13/02/2026,13,Confirmed,34,3364
334,01/07/2025,3,Pending,55,3679
335,11/10/2025,4,Cancelled,137,120
336,17/11/2025,1,Pending,432,4071
337,27/08/2025,12,Cancelled,100,19042
338,02/12/2025,2,Confirmed,433,1493
339,24/03/2026,7,Confirmed,478,15917
340,30/06/2025,13,Cancelled,201,13816
341,27/07/2025,20,Cancelled,308,6961
342,11/12/2025,9,Pending,442,9706
343,23/09/2025,10,Confirmed,500,9334
344,06/04/2026,1,Pending,315,12905
345,13/07/2025,16,Cancelled,454,16099
346,31/01/2026,19,Confirmed,123,13560
347,01/09/2025,15,Pending,65,11302
348,12/10/2025,2,Cancelled,21,15296
349,23/01/2026,12,Pending,349,9199
350,11/07/2025,13,Confirmed,414,6310
351,02/12/2025,18,Confirmed,327,3102
352,09/04/2026,1,Cancelled,343,15266
353,23/05/2025,14,Cancelled,435,11338
354,28/01/2026,17,Pending,29,964
355,24/04/2025,19,Confirmed,209,1443
356,10/09/2025,20,Pending,2,5588
357,12/11/2025,19,Pending,139,2987
358,25/10/2025,12,Confirmed,294,13239
359,03/08/2025,4,Pending,262,8036
360,14/12/2025,18,Cancelled,65,2554
361,07/08/2025,11,Confirmed,436,4196
362,24/07/2025,17,Cancelled,464,18625
363,02/11/2025,10,Confirmed,460,14442
364,15/06/2025,10,Pending,446,9940
365,16/12/2025,4,Confirmed,363,7226
366,20/05/2025,13,Cancelled,51,13045
367,26/11/2025,18,Confirmed,218,18441
368,07/06/2025,1,Cancelled,177,8228
369,19/08/2025,6,Cancelled,389,3746
370,26/05/2025,5,Pending,18,17151
371,14/05/2025,6,Pending,16,274
372,12/05/2025,18,Pending,309,17029
373,28/03/2026,3,Pending,158,2125
374,23/06/2025,8,Cancelled,260,11234
375,06/10/2025,20,Cancelled,493,13607
376,04/10/2025,10,Cancelled,11,16095
377,15/06/2025,20,Pending,5,6033
378,22/12/2025,19,Cancelled,300,3354
379,20/07/2025,15,Pending,212,14959
380,20/05/2025,20,Cancelled,60,12767
381,15/04/2025,13,Confirmed,481,16237
382,14/11/2025,11,Pending,491,17446
383,23/01/2026,11,Confirmed,119,2751
384,11/07/2025,3,Confirmed,319,6424
385,10/07/2025,16,Pending,35,5172
386,04/05/2025,6,Cancelled,105,11394
387,25/03/2026,17,Confirmed,201,10015
388,23/02/2026,16,Cancelled,197,11472
389,15/05/2025,2,Pending,122,12023
390,16/11/2025,15,Cancelled,443,5898
391,16/06/2025,20,Confirmed,88,15208
392,03/04/2026,8,Pending,392,14355
393,15/04/2025,6,Pending,390,3728
394,15/06/2025,3,Pending,307,2612
395,10/08/2025,11,Pending,491,14558
396,29/07/2025,17,Cancelled,335,11786
397,26/06/2025,3,Cancelled,477,7334
398,24/04/2025,6,Confirmed,266,10095
399,11/08/2025,1,Confirmed,63,14995
400,01/04/2026,17,Cancelled,121,9724
401,04/04/2026,17,Cancelled,4,1119
402,06/10/2025,18,Confirmed,427,2324
403,23/03/2026,11,Cancelled,124,15612
404,03/09/2025,7,Pending,199,5467
405,25/02/2026,15,Pending,232,19836
406,09/07/2025,20,Pending,456,6988
407,05/03/2026,3,Pending,144,8474
408,13/06/2025,12,Pending,442,18203
409,20/10/2025,17,Cancelled,294,18351
410,02/05/2025,3,Pending,139,19325
411,23/08/2025,2,Confirmed,283,2767
412,15/04/2025,10,Pending,197,8937
413,13/12/2025,19,Cancelled,128,5539
414,29/12/2025,19,Pending,242,18043
415,18/07/2025,19,Cancelled,321,9660
416,25/12/2025,3,Cancelled,4,9245
417,18/11/2025,18,Pending,171,16287
418,12/06/2025,2,Pending,16,17981
419,18/07/2025,10,Confirmed,367,26
420,24/03/2026,7,Pending,164,2425
421,30/09/2025,12,Cancelled,160,15453
422,25/07/2025,12,Confirmed,298,14661
423,25/12/2025,10,Pending,98,19824
424,02/05/2025,16,Confirmed,194,13723
425,30/09/2025,18,Cancelled,287,7726
426,02/04/2026,17,Cancelled,125,8499
427,13/09/2025,11,Pending,190,11498
428,30/06/2025,2,Confirmed,425,19774
429,24/06/2025,18,Confirmed,312,3827
430,31/05/2025,7,Pending,163,4630
431,10/05/2025,13,Cancelled,25,5220
432,22/10/2025,9,Pending,287,14741
433,11/07/2025,14,Confirmed,326,8565
434,30/05/2025,16,Confirmed,403,10414
435,19/02/2026,6,Pending,32,18952
436,30/01/2026,4,Confirmed,364,19887
437,05/10/2025,2,Pending,404,441
438,09/08/2025,1,Cancelled,112,12506
439,09/07/2025,10,Cancelled,200,19255
440,16/01/2026,5,Confirmed,280,5299
441,15/03/2026,11,Cancelled,130,2449
442,29/12/2025,3,Cancelled,56,12478
443,15/02/2026,17,Pending,258,16473
444,18/03/2026,7,Pending,88,9031
445,22/03/2026,17,Cancelled,310,1674
446,04/09/2025,9,Pending,223,1955
447,14/08/2025,3,Pending,370,2216
448,28/06/2025,15,Pending,199,16150
449,15/06/2025,7,Pending,271,7893
450,07/01/2026,18,Pending,168,18241
451,12/11/2025,14,Cancelled,130,1808
452,08/07/2025,14,Confirmed,460,19840
453,08/05/2025,10,Cancelled,487,11434
454,17/11/2025,15,Confirmed,162,12118
455,09/08/2025,20,Pending,256,4947
456,31/08/2025,3,Pending,468,4461
457,14/01/2026,6,Cancelled,57,16900
458,04/11/2025,8,Confirmed,347,3213
459,22/02/2026,2,Cancelled,122,19337
460,09/01/2026,5,Confirmed,339,6197
461,13/01/2026,15,Confirmed,49,15837
462,18/03/2026,6,Cancelled,197,7731
463,07/02/2026,19,Cancelled,440,8355
464,03/04/2026,9,Cancelled,355,4479
465,09/10/2025,7,Confirmed,267,15210
466,06/09/2025,2,Confirmed,133,19951
467,12/12/2025,16,Cancelled,296,15993
468,09/02/2026,14,Cancelled,491,5984
469,23/07/2025,18,Cancelled,124,9994
470,22/10/2025,6,Pending,295,11305
471,27/10/2025,8,Pending,120,13923
472,27/08/2025,18,Cancelled,370,19466
473,02/12/2025,11,Confirmed,48,13420
474,13/11/2025,6,Confirmed,305,8777
475,02/06/2025,7,Cancelled,361,3780
476,18/05/2025,17,Confirmed,379,4311
477,04/01/2026,11,Confirmed,341,3194
478,11/10/2025,5,Cancelled,346,15557
479,09/08/2025,12,Cancelled,383,6535
480,09/01/2026,13,Pending,302,17986
481,03/01/2026,12,Confirmed,206,15856
482,09/11/2025,20,Cancelled,247,2778
483,22/02/2026,19,Cancelled,136,10053
484,11/04/2026,18,Cancelled,348,7539
485,04/04/2026,16,Cancelled,349,11075
486,27/04/2025,8,Cancelled,414,19480
487,10/07/2025,7,Confirmed,210,19691
488,21/08/2025,4,Pending,326,2854
489,19/02/2026,5,Confirmed,122,15260
490,12/06/2025,1,Cancelled,169,18835
491,24/09/2025,6,Pending,338,10006
492,20/11/2025,18,Confirmed,160,12484
493,14/04/2025,16,Cancelled,330,14107
494,18/05/2025,15,Confirmed,277,15552
495,16/01/2026,3,Confirmed,324,6098
496,30/08/2025,7,Pending,79,14892
497,11/02/2026,15,Cancelled,103,5733
498,09/10/2025,15,Confirmed,177,2832
499,17/09/2025,2,Pending,6,8096
500,17/03/2026,10,Cancelled,435,14287
501,11/11/2025,14,Confirmed,127,10428
502,27/02/2026,9,Cancelled,475,19093
503,22/08/2025,20,Cancelled,64,10238
504,10/08/2025,18,Cancelled,237,8722
505,30/07/2025,7,Pending,32,19186
506,08/10/2025,11,Confirmed,295,13592
507,10/09/2025,18,Cancelled,446,9617
508,04/12/2025,5,Pending,452,5743
509,02/02/2026,20,Cancelled,491,17735
510,16/04/2025,5,Pending,464,15436
511,30/09/2025,20,Cancelled,112,3596
512,28/03/2026,12,Cancelled,87,8212
513,20/08/2025,10,Confirmed,36,9606
514,21/05/2025,14,Pending,477,6833
515,16/03/2026,9,Pending,267,17890
516,06/01/2026,19,Confirmed,249,13750
517,25/08/2025,19,Confirmed,403,3217
518,19/06/2025,13,Cancelled,170,16903
519,19/05/2025,8,Cancelled,193,19733
520,13/12/2025,1,Cancelled,194,12009
521,22/09/2025,10,Pending,184,19768
522,14/10/2025,12,Confirmed,341,2991
523,18/12/2025,19,Cancelled,252,7422
524,02/10/2025,8,Cancelled,89,2951
525,22/03/2026,11,Confirmed,58,10822
526,02/11/2025,7,Pending,15,4164
527,09/12/2025,7,Confirmed,267,12563
528,04/08/2025,12,Pending,460,6855
529,28/05/2025,8,Confirmed,482,16304
530,26/07/2025,4,Pending,448,16810
531,25/09/2025,19,Confirmed,286,838
532,25/09/2025,2,Cancelled,49,18974
533,18/10/2025,12,Pending,204,10071
534,18/08/2025,6,Confirmed,255,19124
535,29/03/2026,13,Confirmed,114,12236
536,27/07/2025,20,Pending,123,1486
537,10/08/2025,8,Confirmed,260,10249
538,04/12/2025,5,Confirmed,212,2907
539,18/09/2025,20,Pending,47,1896
540,19/08/2025,19,Pending,354,14962
541,30/10/2025,4,Pending,490,6363
542,26/02/2026,4,Pending,494,8358
543,06/06/2025,2,Confirmed,38,13148
544,15/02/2026,4,Pending,386,14177
545,08/10/2025,16,Cancelled,269,14598
546,22/02/2026,18,Pending,374,1895
547,22/03/2026,11,Cancelled,491,2683
548,22/08/2025,6,Confirmed,498,18551
549,01/12/2025,12,Pending,423,3967
550,11/10/2025,18,Confirmed,89,19195
551,24/12/2025,13,Pending,202,8490
552,13/12/2025,17,Confirmed,493,15101
553,13/02/2026,7,Confirmed,310,4742
554,12/08/2025,5,Pending,380,13499
555,19/03/2026,13,Cancelled,59,1561
556,26/07/2025,6,Pending,262,16026
557,29/07/2025,15,Pending,63,18555
558,03/09/2025,5,Cancelled,195,8679
559,24/08/2025,8,Confirmed,402,15365
560,26/05/2025,10,Confirmed,221,776
561,21/02/2026,8,Pending,284,18044
562,13/07/2025,18,Pending,211,17821
563,03/12/2025,8,Pending,458,2236
564,19/05/2025,3,Cancelled,322,15190
565,03/08/2025,9,Confirmed,90,12249
566,16/03/2026,3,Pending,401,8868
567,21/11/2025,20,Confirmed,226,14953
568,02/02/2026,19,Cancelled,236,9895
569,31/12/2025,18,Confirmed,257,4390
570,07/12/2025,18,Cancelled,299,1771
571,03/06/2025,20,Pending,246,4853
572,01/01/2026,8,Cancelled,196,3236
573,03/10/2025,16,Pending,249,5667
574,05/06/2025,7,Confirmed,47,13729
575,14/03/2026,8,Confirmed,174,9764
576,02/03/2026,8,Confirmed,482,9673
577,14/11/2025,10,Confirmed,115,16157
578,02/05/2025,6,Confirmed,8,13397
579,11/10/2025,5,Confirmed,352,9108
580,31/05/2025,17,Pending,88,9800
581,24/08/2025,2,Cancelled,35,15
582,20/06/2025,9,Cancelled,194,1090
583,12/04/2026,13,Cancelled,112,1582
584,01/07/2025,16,Confirmed,397,14795
585,02/02/2026,15,Pending,351,17949
586,14/02/2026,4,Confirmed,183,3690
587,05/07/2025,16,Confirmed,149,12715
588,22/11/2025,6,Pending,296,15047
589,05/05/2025,11,Confirmed,127,8427
590,19/03/2026,15,Confirmed,235,13618
591,26/01/2026,7,Confirmed,50,5291
592,27/03/2026,13,Confirmed,264,17987
593,04/03/2026,5,Confirmed,490,14565
594,01/04/2026,10,Cancelled,42,12392
595,23/09/2025,17,Confirmed,385,3945
596,17/10/2025,13,Confirmed,453,5738
597,14/12/2025,13,Pending,79,15787
598,21/10/2025,16,Cancelled,400,17611
599,28/03/2026,20,Confirmed,132,12261
600,06/08/2025,15,Confirmed,429,17651
601,04/07/2025,13,Cancelled,371,11780
602,09/11/2025,9,Pending,111,18853
603,15/11/2025,5,Pending,219,10510
604,30/10/2025,18,Cancelled,70,3687
605,02/06/2025,7,Confirmed,369,1129
606,27/09/2025,7,Confirmed,143,11380
607,11/05/2025,4,Pending,317,7889
608,29/04/2025,10,Cancelled,131,1299
609,06/12/2025,6,Confirmed,138,5543
610,09/10/2025,6,Pending,345,7988
611,07/06/2025,16,Cancelled,454,8560
612,22/01/2026,19,Confirmed,264,3854
613,21/04/2025,20,Confirmed,446,2553
614,11/05/2025,18,Pending,364,14388
615,06/06/2025,13,Cancelled,263,227
616,01/04/2026,20,Confirmed,447,10992
617,05/01/2026,4,Pending,133,5527
618,07/03/2026,19,Cancelled,460,17833
619,09/07/2025,20,Confirmed,408,18836
620,12/04/2026,13,Cancelled,88,13271
621,02/07/2025,8,Pending,467,14660
622,20/02/2026,2,Cancelled,345,9589
623,12/07/2025,3,Cancelled,132,14522
624,30/12/2025,7,Confirmed,434,15229
625,09/01/2026,4,Confirmed,4,7431
626,30/01/2026,18,Confirmed,143,4765
627,30/06/2025,4,Pending,271,12618
628,30/07/2025,9,Confirmed,126,15951
629,14/12/2025,14,Cancelled,65,4382
630,13/03/2026,11,Pending,39,17458
631,28/12/2025,2,Pending,363,3013
632,08/01/2026,6,Pending,350,9336
633,27/07/2025,2,Confirmed,316,16504
634,25/04/2025,11,Cancelled,120,12681
635,14/10/2025,13,Pending,498,8228
636,12/12/2025,2,Pending,138,11693
637,08/02/2026,19,Cancelled,139,6871
638,28/08/2025,12,Pending,46,13642
639,31/10/2025,9,Pending,322,16782
640,18/02/2026,20,Cancelled,265,5404
641,25/10/2025,11,Confirmed,197,15652
642,12/03/2026,4,Pending,484,849
643,30/03/2026,12,Confirmed,405,11778
644,29/11/2025,9,Cancelled,410,1837
645,25/08/2025,15,Confirmed,488,12967
646,19/03/2026,7,Confirmed,85,11674
647,25/08/2025,6,Cancelled,313,17803
648,21/07/2025,13,Pending,193,19206
649,02/04/2026,1,Cancelled,237,16611
650,08/06/2025,14,Confirmed,354,8801
651,05/05/2025,13,Cancelled,462,17879
652,07/04/2026,17,Cancelled,190,14625
653,02/07/2025,14,Cancelled,396,4044
654,07/01/2026,2,Pending,344,1116
655,28/02/2026,13,Cancelled,495,7236
656,14/01/2026,16,Cancelled,15,19268
657,19/04/2025,10,Confirmed,476,8540
658,08/08/2025,7,Pending,254,10109
659,10/02/2026,12,Confirmed,122,14326
660,15/10/2025,17,Confirmed,399,5240
661,31/01/2026,19,Confirmed,423,4763
662,05/08/2025,16,Confirmed,394,3138
663,04/01/2026,16,Pending,400,13520
664,29/04/2025,10,Confirmed,107,16279
665,18/08/2025,7,Confirmed,182,14475
666,20/04/2025,2,Cancelled,153,11046
667,08/03/2026,20,Confirmed,11,4863
668,04/10/2025,20,Confirmed,252,3811
669,07/05/2025,13,Cancelled,21,15462
670,25/09/2025,3,Pending,445,14149
671,05/04/2026,10,Pending,411,13707
672,11/08/2025,17,Confirmed,217,5105
673,12/12/2025,9,Confirmed,286,3352
674,12/12/2025,11,Cancelled,195,2175
675,13/09/2025,13,Confirmed,459,3275
676,13/11/2025,1,Cancelled,342,2731
677,04/11/2025,20,Confirmed,462,4211
678,23/01/2026,10,Cancelled,275,10505
679,25/11/2025,9,Pending,160,10705
680,08/03/2026,12,Cancelled,315,136
681,29/04/2025,17,Pending,263,18589
682,14/06/2025,15,Pending,462,347
683,28/06/2025,7,Pending,185,4266
684,19/08/2025,8,Pending,195,2188
685,16/05/2025,4,Pending,341,5574
686,21/11/2025,19,Confirmed,250,3219
687,27/03/2026,13,Confirmed,382,468
688,29/11/2025,1,Cancelled,404,11413
689,27/08/2025,11,Cancelled,296,19309
690,03/05/2025,12,Pending,226,5863
691,24/09/2025,11,Cancelled,151,9757
692,20/06/2025,20,Confirmed,382,1689
693,10/02/2026,2,Pending,437,660
694,09/02/2026,3,Confirmed,153,2312
695,19/06/2025,6,Confirmed,116,2047
696,23/06/2025,11,Confirmed,447,7790
697,31/10/2025,14,Pending,219,6289
698,11/11/2025,4,Pending,349,12666
699,26/06/2025,19,Pending,94,4678
700,19/04/2025,4,Pending,308,15831
701,04/03/2026,8,Confirmed,136,8661
702,26/06/2025,1,Pending,352,712
703,25/11/2025,6,Cancelled,76,17236
704,18/07/2025,11,Confirmed,412,16665
705,12/06/2025,8,Cancelled,129,17400
706,29/09/2025,7,Confirmed,380,10863
707,31/10/2025,16,Pending,182,7316
708,04/09/2025,5,Confirmed,180,1694
709,31/01/2026,20,Cancelled,32,7729
710,10/06/2025,7,Pending,473,19347
711,05/06/2025,12,Pending,350,13963
712,27/06/2025,5,Cancelled,29,11338
713,21/11/2025,13,Cancelled,220,5813
714,29/07/2025,12,Pending,145,14505
715,08/07/2025,14,Cancelled,252,2423
716,25/08/2025,20,Cancelled,170,14710
717,08/04/2026,12,Confirmed,103,4356
718,17/08/2025,8,Pending,488,11943
719,16/12/2025,9,Confirmed,74,17526
720,20/12/2025,14,Confirmed,258,11127
721,12/06/2025,11,Cancelled,479,19322
722,11/08/2025,17,Pending,97,5197
723,09/04/2026,10,Cancelled,130,19697
724,11/07/2025,9,Confirmed,339,15421
725,02/10/2025,4,Confirmed,445,2789
726,15/02/2026,10,Pending,204,15943
727,07/09/2025,14,Cancelled,448,18530
728,20/07/2025,13,Pending,388,662
729,16/03/2026,13,Pending,71,193
730,12/07/2025,9,Pending,401,17338
731,05/01/2026,11,Cancelled,117,16619
732,11/09/2025,8,Cancelled,95,62
733,28/12/2025,4,Pending,73,17590
734,26/03/2026,9,Cancelled,379,13951
735,10/03/2026,6,Confirmed,6,7464
736,27/02/2026,10,Cancelled,127,11152
737,06/01/2026,18,Cancelled,366,16949
738,20/12/2025,15,Cancelled,304,19400
739,20/12/2025,12,Confirmed,389,13910
740,09/08/2025,14,Confirmed,220,10914
741,15/04/2025,13,Confirmed,442,7568
742,06/11/2025,15,Pending,43,9465
743,01/05/2025,16,Confirmed,403,1692
744,17/01/2026,1,Cancelled,93,11962
745,01/08/2025,14,Cancelled,308,3954
746,20/10/2025,14,Cancelled,457,13964
747,27/08/2025,14,Pending,437,137
748,15/12/2025,9,Cancelled,400,6910
749,15/08/2025,3,Cancelled,414,13977
750,04/04/2026,14,Cancelled,273,5441
751,16/10/2025,8,Confirmed,46,16015
752,25/09/2025,2,Confirmed,131,9778
753,26/12/2025,2,Confirmed,187,5192
754,07/12/2025,6,Pending,499,19077
755,13/02/2026,10,Cancelled,358,9564
756,22/11/2025,14,Cancelled,84,734
757,31/12/2025,8,Confirmed,107,2449
758,16/07/2025,5,Confirmed,172,19796
759,18/12/2025,18,Cancelled,15,5214
760,22/01/2026,14,Pending,188,8356
761,12/06/2025,2,Cancelled,452,2302
762,14/02/2026,2,Pending,370,18112
763,11/02/2026,17,Confirmed,57,1321
764,18/05/2025,5,Pending,326,15490
765,15/04/2025,17,Confirmed,280,4386
766,08/08/2025,4,Pending,140,6089
767,25/12/2025,17,Cancelled,138,16955
768,21/12/2025,9,Pending,249,11586
769,11/12/2025,9,Pending,299,5237
770,19/08/2025,3,Confirmed,479,203
771,15/03/2026,17,Pending,136,9946
772,27/07/2025,5,Pending,196,16520
773,22/03/2026,15,Confirmed,107,13071
774,04/08/2025,5,Cancelled,254,16457
775,05/07/2025,19,Pending,230,11744
776,25/06/2025,19,Confirmed,152,9369
777,22/06/2025,6,Cancelled,220,3375
778,12/07/2025,7,Cancelled,420,5644
779,27/11/2025,1,Confirmed,396,7511
780,27/12/2025,8,Pending,396,16841
781,17/10/2025,5,Cancelled,44,6860
782,13/05/2025,1,Pending,240,16944
783,14/11/2025,2,Pending,309,7098
784,13/08/2025,18,Cancelled,318,15731
785,27/01/2026,5,Pending,391,16284
786,19/10/2025,2,Confirmed,178,10843
787,05/10/2025,18,Confirmed,35,6731
788,19/02/2026,14,Confirmed,24,1556
789,12/02/2026,10,Pending,60,7972
790,15/01/2026,5,Confirmed,409,7084
791,10/10/2025,17,Confirmed,111,4370
792,25/07/2025,8,Pending,255,5648
793,04/07/2025,17,Cancelled,12,2538
794,07/05/2025,12,Pending,123,17945
795,08/06/2025,18,Pending,236,4062
796,08/09/2025,8,Cancelled,163,6839
797,01/06/2025,7,Pending,349,17982
798,11/09/2025,12,Cancelled,337,12535
799,12/03/2026,3,Confirmed,344,19795
800,14/01/2026,3,Confirmed,143,12398
801,09/01/2026,12,Cancelled,321,3416
802,01/06/2025,19,Pending,398,16151
803,21/08/2025,11,Pending,494,4659
804,07/01/2026,18,Confirmed,361,3068
805,28/06/2025,6,Cancelled,275,6086
806,20/06/2025,8,Confirmed,13,15224
807,19/11/2025,7,Pending,213,12536
808,03/10/2025,19,Confirmed,424,15463
809,22/07/2025,9,Cancelled,60,2771
810,17/12/2025,1,Pending,415,8283
811,12/04/2026,2,Cancelled,176,8667
812,22/08/2025,9,Confirmed,118,19251
813,30/06/2025,7,Cancelled,217,9924
814,07/05/2025,5,Cancelled,49,5394
815,11/07/2025,9,Cancelled,69,6463
816,06/07/2025,1,Cancelled,473,19372
817,07/01/2026,7,Confirmed,227,6745
818,19/03/2026,18,Cancelled,71,13010
819,11/02/2026,16,Pending,75,13942
820,22/11/2025,6,Confirmed,75,16917
821,02/02/2026,19,Confirmed,283,8930
822,19/06/2025,7,Confirmed,273,15505
823,19/03/2026,19,Cancelled,86,1788
824,26/12/2025,13,Cancelled,29,576
825,11/06/2025,8,Confirmed,433,2592
826,31/03/2026,5,Pending,312,19906
827,17/01/2026,5,Confirmed,292,10183
828,19/07/2025,5,Cancelled,178,8651
829,23/07/2025,6,Confirmed,250,9241
830,19/07/2025,18,Pending,312,5405
831,12/03/2026,10,Confirmed,85,10250
832,08/08/2025,16,Cancelled,359,796
833,30/11/2025,19,Confirmed,41,15668
834,17/12/2025,15,Pending,95,11134
835,27/09/2025,9,Pending,359,14161
836,27/11/2025,11,Cancelled,191,8031
837,20/02/2026,18,Cancelled,471,17536
838,14/02/2026,9,Confirmed,385,13740
839,24/01/2026,12,Confirmed,380,7374
840,05/02/2026,18,Cancelled,53,4066
841,13/09/2025,8,Confirmed,274,5528
842,28/04/2025,6,Pending,368,6885
843,19/05/2025,6,Confirmed,195,9537
844,22/10/2025,17,Confirmed,31,4785
845,25/11/2025,8,Cancelled,247,14663
846,08/10/2025,19,Confirmed,348,3660
847,01/05/2025,18,Pending,423,4480
848,17/10/2025,14,Confirmed,195,17898
849,05/06/2025,8,Confirmed,302,1253
850,06/05/2025,2,Cancelled,493,19731
851,28/08/2025,10,Pending,320,4564
852,01/10/2025,13,Cancelled,266,3752
853,09/03/2026,17,Pending,333,15646
854,27/09/2025,9,Pending,169,17171
855,19/06/2025,8,Confirmed,16,16612
856,18/10/2025,15,Cancelled,370,1685
857,07/05/2025,3,Cancelled,243,14075
858,06/07/2025,14,Confirmed,374,18482
859,22/02/2026,12,Pending,17,17585
860,07/03/2026,3,Confirmed,166,19972
861,25/10/2025,3,Pending,463,3453
862,20/07/2025,5,Pending,155,10723
863,11/11/2025,19,Pending,293,686
864,11/10/2025,12,Cancelled,290,13147
865,14/02/2026,6,Confirmed,345,16258
866,23/09/2025,3,Pending,110,11924
867,05/04/2026,1,Pending,36,16851
868,25/04/2025,14,Cancelled,254,18856
869,31/10/2025,8,Pending,429,3009
870,26/04/2025,3,Pending,314,5770
871,28/05/2025,4,Cancelled,83,5934
872,05/10/2025,9,Confirmed,172,8819
873,29/12/2025,3,Pending,479,6438
874,21/06/2025,5,Cancelled,203,8985
875,11/06/2025,20,Confirmed,486,16401
876,05/09/2025,10,Cancelled,221,16789
877,18/03/2026,4,Cancelled,90,3856
878,15/03/2026,3,Pending,117,956
879,15/01/2026,1,Confirmed,102,3365
880,15/06/2025,12,Confirmed,182,2532
881,06/03/2026,5,Confirmed,320,12511
882,23/02/2026,4,Pending,122,15829
883,19/01/2026,3,Pending,128,2765
884,05/06/2025,13,Confirmed,178,17893
885,10/02/2026,7,Cancelled,41,2739
886,03/12/2025,10,Confirmed,449,18608
887,24/01/2026,2,Cancelled,103,15481
888,04/07/2025,2,Pending,414,3330
889,31/03/2026,9,Confirmed,219,11127
890,01/11/2025,17,Pending,346,7107
891,19/10/2025,4,Pending,87,4542
892,07/02/2026,16,Cancelled,300,19807
893,25/10/2025,15,Pending,391,17103
894,07/03/2026,18,Confirmed,278,18108
895,10/03/2026,8,Cancelled,186,17675
896,10/01/2026,12,Cancelled,307,17518
897,15/11/2025,19,Confirmed,14,19530
898,19/03/2026,11,Pending,144,15908
899,30/04/2025,10,Cancelled,29,1695
900,13/09/2025,10,Cancelled,305,17722
901,08/01/2026,9,Cancelled,230,9474
902,27/02/2026,5,Cancelled,87,9436
903,19/12/2025,7,Pending,132,17985
904,06/04/2026,19,Pending,358,14764
905,06/08/2025,9,Confirmed,423,854
906,23/09/2025,13,Cancelled,430,14800
907,01/01/2026,5,Pending,379,4199
908,29/08/2025,9,Cancelled,277,7907
909,16/08/2025,9,Cancelled,157,5038
910,06/08/2025,9,Cancelled,345,5865
911,08/05/2025,1,Cancelled,406,2481
912,14/11/2025,1,Pending,392,11564
913,14/09/2025,17,Cancelled,141,1593
914,08/11/2025,2,Pending,124,9908
915,10/02/2026,14,Pending,493,12008
916,17/12/2025,4,Pending,498,11568
917,03/04/2026,16,Pending,303,597
918,19/01/2026,5,Cancelled,312,6715
919,22/03/2026,9,Confirmed,17,2157
920,09/10/2025,5,Pending,29,4279
921,18/04/2025,19,Cancelled,193,7405
922,11/04/2026,9,Pending,184,4315
923,20/10/2025,1,Confirmed,264,5156
924,27/12/2025,5,Cancelled,264,16520
925,19/01/2026,15,Cancelled,447,4762
926,24/10/2025,4,Pending,408,756
927,11/05/2025,11,Pending,453,12735
928,17/03/2026,11,Confirmed,331,972
929,24/12/2025,18,Pending,218,10048
930,06/01/2026,1,Pending,371,10684
931,19/11/2025,20,Confirmed,39,19775
932,22/07/2025,13,Pending,37,19247
933,25/03/2026,4,Confirmed,382,17237
934,30/12/2025,17,Confirmed,459,8073
935,28/10/2025,6,Pending,310,4194
936,12/05/2025,18,Pending,328,17448
937,13/05/2025,4,Pending,175,19247
938,13/08/2025,5,Cancelled,88,4587
939,24/03/2026,13,Confirmed,270,707
940,18/02/2026,5,Pending,379,6383
941,15/01/2026,2,Confirmed,396,11068
942,17/01/2026,20,Pending,453,7567
943,24/06/2025,9,Pending,168,16645
944,13/11/2025,5,Pending,497,9290
945,09/10/2025,4,Confirmed,10,9477
946,19/11/2025,1,Pending,100,19549
947,28/05/2025,6,Confirmed,470,4604
948,26/02/2026,7,Confirmed,260,257
949,06/03/2026,20,Pending,228,18268
950,18/01/2026,15,Confirmed,203,11880
951,28/11/2025,7,Cancelled,314,19797
952,21/05/2025,16,Cancelled,157,13158
953,18/09/2025,3,Confirmed,138,12697
954,17/10/2025,11,Pending,122,6283
955,29/10/2025,18,Cancelled,265,17073
956,08/08/2025,1,Pending,382,4432
957,11/12/2025,12,Cancelled,259,1841
958,17/01/2026,5,Pending,277,7167
959,08/11/2025,14,Confirmed,248,10008
960,06/03/2026,14,Confirmed,262,10014
961,14/03/2026,6,Pending,414,15192
962,27/08/2025,11,Pending,258,16430
963,05/08/2025,17,Pending,43,16211
964,20/11/2025,20,Confirmed,147,12239
965,17/10/2025,2,Pending,191,7417
966,06/03/2026,17,Confirmed,373,7536
967,15/12/2025,19,Confirmed,440,9927
968,27/01/2026,9,Cancelled,277,18639
969,18/11/2025,16,Confirmed,411,7599
970,01/08/2025,9,Pending,263,1724
971,22/08/2025,16,Confirmed,441,14508
972,03/05/2025,14,Confirmed,37,9792
973,17/10/2025,19,Cancelled,496,3013
974,02/03/2026,13,Confirmed,328,9604
975,05/07/2025,10,Confirmed,15,9420
976,25/08/2025,5,Confirmed,66,17452
977,16/08/2025,6,Pending,187,11838
978,04/05/2025,8,Pending,428,18923
979,06/06/2025,16,Pending,114,18075
980,14/12/2025,9,Confirmed,189,19658
981,10/05/2025,5,Pending,331,13232
982,06/05/2025,17,Pending,73,8537
983,02/10/2025,10,Pending,261,2151
984,03/07/2025,2,Confirmed,412,9467
985,01/08/2025,8,Confirmed,357,1829
986,26/08/2025,15,Pending,483,5672
987,01/04/2026,14,Confirmed,266,16513
988,08/06/2025,10,Cancelled,243,12641
989,23/10/2025,6,Confirmed,271,1634
990,08/03/2026,5,Cancelled,373,15796
991,16/12/2025,4,Cancelled,450,11854
992,31/03/2026,20,Cancelled,27,11719
993,30/10/2025,12,Confirmed,107,6090
994,03/06/2025,19,Pending,93,18547
995,05/03/2026,4,Pending,213,18781
996,21/12/2025,8,Confirmed,182,3831
997,24/05/2025,17,Pending,162,6545
998,07/12/2025,6,Pending,334,8675
999,12/08/2025,4,Pending,178,19001
1000,18/10/2025,11,Cancelled,97,2436
