ProviderID,ProviderName,ServiceType,Phone,Address,City
1,Photojam,Asian,928766473,66063 Redwing Road,Třemošnice
2,Vitz,Meat,539878657,15047 Ilene Drive,Tianhe
3,Jabberstorm,Asian,444371230,59129 Coleman Crossing,Ramón Castilla
4,Avaveo,Korean,325864266,8112 Rusk Center,Muroran
5,Skynoodle,Vegan,365803261,29396 Russell Road,Badou
6,Bubblebox,Asian,970510567,6 Carpenter Alley,La Fortuna
7,Topicware,Mediterranean,994480045,044 Badeau Circle,Próti
8,Kaymbo,Asian,605571328,58899 Everett Court,Wengang
9,Chatterpoint,Korean,300808219,30 Sundown Way,Ciudad Bolívar
10,Photojam,Meat,325658412,33 Stone Corner Street,Nanzhao Chengguanzhen
11,Zoomzone,Dairy,142695540,456 Hallows Court,Khallat Ḩamāmah
12,Zava,Dairy,275367656,3480 Bunker Hill Parkway,Azun Atme
13,Wikibox,Mexican,336499406,0910 Cordelia Road,Skillingaryd
14,Tekfly,Dairy,476859171,81080 Vernon Avenue,Kebon
15,Fivespan,Dairy,810510915,010 Acker Street,Communal
16,Devshare,Meat,602165547,13 Sloan Road,Al Jubayhah
17,Zoombeat,Israeli,421684948,724 Kenwood Way,Zaghouan
18,Flashspan,Dairy,698067799,2500 North Drive,Aranas Sur
19,Yotz,Asian,691995046,1975 Spaight Pass,Xianghe
20,Linktype,Vegan,165314686,882 Ridge Oak Hill,Uyugan
21,Devbug,Dairy,850288132,943 Lakeland Parkway,Kizilyurt
22,Linktype,Dairy,133707914,609 Fordem Plaza,Meicheng
23,Chatterbridge,Vegan,882810512,186 Crowley Center,Sherbrooke
24,Blogpad,Dairy,415244277,816 Grasskamp Trail,Čerčany
25,Dynabox,Dairy,620952634,9470 Oneill Court,Carice
26,Edgeclub,Italian,978622651,9056 Gerald Junction,Jiannan
27,Oodoo,Mexican,292366300,5 Bay Parkway,Mesógi
28,Zazio,Asian,225003865,9 Butternut Street,Reszel
29,Innojam,Mediterranean,858210386,1 Lakewood Gardens Road,Sansheng
30,Gigaclub,Mexican,155406555,4 School Center,Nanterre
31,Browsedrive,Israeli,591320193,39 Homewood Hill,Chichigalpa
32,Dynazzy,Meat,536673140,2656 Fairview Place,Takeo
33,Cogibox,Mediterranean,499942278,320 Rigney Trail,Graneros
34,Realfire,Dairy,242584059,72 Eliot Terrace,Palma De Mallorca
35,Meetz,Korean,433348481,6 Sauthoff Way,Nezlobnaya
36,Meemm,Meat,632607177,7 Leroy Place,Yilan
37,Youfeed,Vegan,392058912,305 Ohio Parkway,Pereyaslovskaya
38,Vipe,Meat,196711753,08908 Gina Way,Randuagung
39,Tekfly,Vegan,328352731,59020 Claremont Drive,Sifangxi
40,Flipstorm,Dairy,228543645,3780 Village Alley,Ruše
41,Yodo,Meat,757516167,9281 Birchwood Lane,Nowy Sącz
42,Skibox,Korean,324594070,29077 Pine View Alley,Xinle
43,Ainyx,Asian,775300619,1764 Susan Avenue,Malonty
44,Innotype,Korean,306803804,51631 Forest Drive,Susunan
45,Blogtags,Dairy,753083268,8 Havey Junction,Cikarang
46,Thoughtworks,Dairy,687212241,7 Sunfield Plaza,Kyzyldzhar
47,Zoomzone,Vegan,352710377,2509 Kedzie Street,Kasulu
48,Youtags,Meat,916883549,75 Leroy Lane,Kahabe
49,Oyonder,Mexican,749163345,3 Forest Run Point,Tandag
50,Layo,Korean,278628414,87449 Schiller Terrace,Privodino
51,Snaptags,Mexican,140111278,697 Green Ridge Alley,Abreus
52,Realpoint,Mexican,703763290,153 Claremont Avenue,Al ‘Ayzarīyah
53,Muxo,Mediterranean,861445199,2 Mesta Junction,Kapakabisa
54,Katz,Korean,264576339,59 Sunfield Drive,Wudong
55,Linkbridge,Israeli,274418597,944 Jenifer Point,Jaú
56,Pixonyx,Vegan,284888974,491 Mccormick Hill,Sukarame
57,Skyndu,Mexican,269723398,71 Pearson Way,Bridgetown
58,Twitterbeat,Asian,690424441,3 Roth Junction,Kilkís
59,Twimbo,Israeli,573305579,5665 Judy Junction,Klisura
60,Fivebridge,Dairy,284747647,3230 Beilfuss Pass,Songshan
61,Tekfly,Asian,826917502,05 Express Court,Cikadongdong
62,Demimbu,Dairy,872990450,5475 Burrows Lane,Anrong
63,Jayo,Israeli,955006071,9063 Welch Plaza,Tielu
64,Oyondu,Asian,818155266,783 Graceland Plaza,North Saanich
65,Tazzy,Israeli,855568201,65 Gina Lane,Chroustovice
66,Zoomlounge,Korean,782953706,2036 Northwestern Lane,Nantes
67,Demizz,Vegan,134799220,7127 Caliangt Crossing,Shido
68,Livepath,Israeli,563803660,331 Heffernan Court,Uripa
69,Edgeclub,Vegan,400330030,8 Redwing Way,Vällingby
70,Skibox,Mexican,203178249,8 Wayridge Center,Purificación
71,Blogpad,Israeli,849062264,39552 Mayfield Court,Foros do Trapo
72,Yotz,Mediterranean,242228222,5369 Moose Drive,Xinmin
73,Browsebug,Meat,608584126,26274 Dapin Pass,Arcena
74,Pixonyx,Italian,441559958,4445 Macpherson Court,Marseille
75,Trupe,Korean,899040158,7633 Ridge Oak Terrace,Pacucha
76,Blogtags,Korean,385038672,49666 Mayer Crossing,Pagedangan
77,Skinix,Italian,939605079,49 Stephen Center,Weton
78,Kaymbo,Israeli,440278614,67433 Kedzie Way,Altona
79,Dynazzy,Vegan,217734944,5 Merchant Pass,Aylmer
80,Fivebridge,Meat,959383625,1831 Nancy Junction,San Jose
81,Zazio,Dairy,921978403,01 Hansons Lane,Shorapani
82,Mudo,Mexican,625508155,104 Pepper Wood Pass,Maanas
83,Twitterlist,Asian,466765747,74 Kipling Plaza,Balingoan
84,Oyoba,Mexican,790711688,67 Cascade Street,Darma
85,Dynava,Korean,687664642,3 Marcy Point,Baishan
86,Skippad,Vegan,349615670,6 Sunfield Terrace,Yekaterinovka
87,Cogidoo,Israeli,970055115,8 Parkside Parkway,Liucun
88,Thoughtbridge,Italian,969942000,46 Shasta Alley,Pekijing
89,Gabcube,Mexican,659974182,08281 Dovetail Junction,Klana
90,Katz,Mediterranean,849313737,9397 Sheridan Parkway,Nanyang
91,Meeveo,Vegan,382879864,5 Elgar Hill,Bijeli
92,Zooxo,Dairy,455767425,21 Donald Drive,Rezé
93,Mudo,Mediterranean,285029762,39733 John Wall Terrace,Ryazhsk
94,Realblab,Mexican,996788381,09 Bultman Lane,East Migpulao
95,Twitterbridge,Meat,454682938,5 Ridgeview Point,Tengrela
96,Izio,Dairy,569534692,29 Lukken Circle,Krajansumbermujur
97,Topicware,Asian,736504888,8 Bunting Way,Laveiras
98,Yacero,Meat,775447675,54368 Waubesa Parkway,Chang’an
99,Tavu,Mexican,223394689,9 Jana Circle,Zhaoxian
100,Oyoloo,Mediterranean,323360261,24210 Colorado Crossing,Salam
101,Wikibox,Israeli,635361278,89851 Morningstar Pass,Malešići
102,Skaboo,Italian,992769919,260 Darwin Trail,Azteca
103,Realcube,Asian,586568931,0922 Autumn Leaf Plaza,Itajuípe
104,Photobug,Vegan,655624822,7610 Transport Center,Krajan Tengah
105,Jatri,Mediterranean,823168863,007 Grayhawk Plaza,Cibaregbeg
106,Mudo,Israeli,815901931,34940 Sachtjen Center,Metsamor
107,Fivebridge,Meat,152328886,9241 Fordem Court,Mangero
108,Topiclounge,Mediterranean,596895360,81508 Graedel Terrace,Kolirerek
109,Meevee,Vegan,179992925,18 Grayhawk Court,Flushing
110,Tambee,Asian,887289156,02413 Atwood Drive,San Silvestre
111,Pixope,Dairy,154806085,69 Melody Court,Cacocum
112,Yakidoo,Israeli,443976987,1 Graceland Plaza,Shahrud
113,Topdrive,Vegan,750112894,24 Garrison Park,Thị Trấn Nguyên Bình
114,Meemm,Mediterranean,811747556,5 Manufacturers Crossing,Kwekwe
115,Kanoodle,Meat,320711096,2 Sommers Pass,Fushë-Muhurr
116,Photospace,Asian,632194016,51193 Riverside Court,Rengat
117,Livetube,Asian,670367340,87 Towne Terrace,Aguada de Pasajeros
118,Roombo,Mediterranean,985000297,6 Kropf Crossing,Aranitas
119,Skiptube,Vegan,869546867,057 Petterle Road,Kanluran
120,Browsedrive,Meat,285312363,2410 Fuller Terrace,La Libertad
121,Demimbu,Korean,287810819,34953 Becker Point,Arkalyk
122,Zoozzy,Dairy,522118057,4 Hanson Drive,Araulí
123,Bluejam,Asian,541109230,99911 Mallard Road,Uppsala
124,Oba,Dairy,535735436,398 Melby Point,Lagoa Santa
125,Zoomlounge,Israeli,571237427,81579 Meadow Ridge Pass,Malabago
126,Thoughtstorm,Dairy,319920072,6 Becker Crossing,Elverum
127,Linktype,Korean,987531682,2 Garrison Court,Pantian
128,Thoughtstorm,Meat,917665593,01 Oak Valley Terrace,Somerset East
129,Twinder,Asian,991908953,1 Forest Dale Junction,Votuporanga
130,Tagfeed,Dairy,253815542,70546 Northport Avenue,Ob’
131,Myworks,Italian,687678879,5069 Green Ridge Park,Týrnavos
132,DabZ,Mexican,179840414,15566 Golf Crossing,Laxiong
133,Kazu,Asian,262730366,186 Fulton Terrace,Naguanagua
134,Skalith,Asian,284167183,9 Clarendon Street,Llusco
135,Jabberbean,Dairy,642492399,68 Hazelcrest Place,Jiucheng
136,Omba,Israeli,849703749,8115 Marquette Hill,Pa Bon
137,Zazio,Mediterranean,973166053,9 Pawling Terrace,Hitiaa
138,Twitterworks,Asian,682422323,2102 Hollow Ridge Place,Semambung
139,Meevee,Korean,162142427,27955 Hoffman Avenue,Cruces
140,Dabtype,Mediterranean,880127608,96613 Victoria Center,Jangheung
141,Voonyx,Asian,791964645,0980 Becker Center,Szczytno
142,Zooveo,Mexican,504185949,49 Warbler Drive,Jiukeng
143,Devpoint,Italian,818394132,71761 Clyde Gallagher Place,Ignacio Zaragoza
144,Gevee,Meat,482668769,88 Bonner Hill,Bella Vista
145,Photospace,Italian,857223193,96294 Haas Plaza,Guohe
146,Innotype,Asian,390275427,610 Bluejay Way,Emiliano Zapata
147,Flipstorm,Asian,632242027,115 Sugar Pass,Cholet
148,Brainbox,Korean,120124811,6 Roxbury Road,Dukhovshchina
149,Chatterbridge,Mexican,872084349,449 Cardinal Plaza,Sexmoan
150,Aivee,Asian,365891097,76552 2nd Parkway,Hamburg
151,Voolith,Vegan,135152633,980 Michigan Point,Liliongan
152,Latz,Vegan,483102395,7542 Riverside Hill,Åstorp
153,Digitube,Italian,119715522,75 Pawling Court,Obas
154,Edgeblab,Mediterranean,458811716,3003 Butternut Place,Liuhe
155,Minyx,Israeli,439706489,8 Toban Crossing,Nikopol’
156,Lazz,Asian,349023922,38442 Alpine Trail,Posse
157,Devbug,Israeli,999866798,994 Oak Terrace,Sidonganti
158,Avamm,Israeli,615348540,724 Vidon Circle,Vila Franca
159,Rooxo,Meat,859252904,5246 Kensington Park,Bobrovka
160,Buzzdog,Italian,450066213,0054 Mifflin Drive,Konstantinovskoye
161,Fiveclub,Meat,810458495,281 Anderson Lane,Duobaoshan
162,Voolith,Asian,925885346,4732 Dryden Avenue,Lavras da Mangabeira
163,Fanoodle,Italian,788894803,743 Sheridan Park,Guanyao
164,Skivee,Vegan,479099035,81853 Daystar Plaza,Huangqiao
165,Tagchat,Asian,366977805,71 Oak Junction,Zheshart
166,Camimbo,Korean,574566463,59 Briar Crest Way,Termas de Río Hondo
167,Eamia,Asian,443458293,2321 Browning Pass,Prosperous
168,LiveZ,Meat,601959852,8 Menomonie Alley,Mŭynoq
169,Skidoo,Dairy,336798088,5 Eastlawn Parkway,Cirangga Kidul
170,Oyope,Korean,305604144,72978 Village Park,Taha Man Zu
171,Meedoo,Mexican,949289099,83 Carpenter Point,New Iloilo
172,Trilia,Mexican,407659631,44609 Eagle Crest Junction,Buta Ranquil
173,Latz,Asian,263821474,378 Memorial Avenue,Narail
174,Skivee,Mexican,292949525,0694 Dakota Way,Ţūlkarm
175,Babbleset,Mediterranean,889893536,412 Kenwood Court,Falun
176,Wordify,Mediterranean,146449851,7291 Messerschmidt Drive,Zwolle
177,Tanoodle,Vegan,989818987,67911 Hauk Court,Paris 19
178,Meejo,Korean,266102246,91019 Ronald Regan Crossing,Maragogipe
179,Einti,Italian,755950512,27 Melody Point,Kungälv
180,Skyndu,Meat,952121400,7267 Nancy Street,Ipiaú
181,Yodo,Italian,485384488,3 Debs Circle,Huxiaoqiao
182,Skipfire,Italian,931015121,98 Hollow Ridge Plaza,Heshui
183,Centimia,Asian,956736246,8 Maple Lane,Yangxi
184,Yozio,Vegan,533554183,2 Carey Court,Weixing
185,Minyx,Mediterranean,218185927,34090 Carberry Trail,Sefrou
186,Youopia,Asian,411845323,999 Esch Park,Sinarjaya
187,LiveZ,Mexican,957694596,23147 Sycamore Terrace,Jincheng
188,Buzzshare,Vegan,500739828,6692 La Follette Drive,Yukuriawat
189,Fivebridge,Israeli,491055403,9346 Springview Lane,Brooklyn
190,Eazzy,Asian,933793953,79766 Tony Point,Oliveira do Conde
191,Bubblemix,Asian,994359569,204 Hoepker Park,Begejci
192,Flashset,Dairy,331075855,5 Welch Point,Kaduy
193,Wikido,Israeli,937512854,330 Morrow Point,Malian
194,Edgewire,Mediterranean,123516745,90877 Division Trail,Ramos West
195,Livefish,Dairy,444264178,689 Farwell Pass,Udon Thani
196,Snaptags,Asian,956446119,20656 Thompson Trail,Languan
197,Quinu,Meat,677958203,79179 Vidon Center,Klumpit
198,Kaymbo,Mexican,431490750,658 Wayridge Parkway,Fīrūzābād
199,Livefish,Meat,521417010,69995 Onsgard Place,Vaggeryd
200,Yata,Vegan,431762845,2661 Eastwood Lane,Kulary
201,Kare,Mexican,482549831,990 Lunder Junction,Jin’an
202,Vimbo,Dairy,618598445,2880 Little Fleur Pass,Nato
203,Bubblemix,Asian,509255081,2955 Monument Drive,Krajan
204,Flashset,Meat,375399773,47266 La Follette Point,Fifi
205,Meejo,Meat,194085547,78399 Golf Court,Ar Rawḑah
206,Yata,Italian,142055993,188 Stone Corner Alley,Miłakowo
207,Skinte,Meat,730570799,86 Bartelt Circle,Monjas
208,Linkbuzz,Mediterranean,701005148,11126 Rusk Drive,Dębowa Łąka
209,Kazio,Mediterranean,593551371,70132 Memorial Drive,Kangding
210,Quinu,Meat,927338157,9 Hudson Park,Qingu
211,Bluezoom,Korean,143231659,6 Sugar Court,Khondāb
212,Oyoyo,Israeli,323550862,77312 Maywood Circle,Saitama
213,Divavu,Israeli,204564668,778 Dawn Court,Straszyn
214,Tekfly,Asian,400019946,917 Rutledge Circle,Yuefeng
215,Jetpulse,Mexican,657647458,9381 Bowman Center,Lavaltrie
216,Mydeo,Italian,572985485,1 Service Place,Kitakyūshū
217,Quimm,Israeli,965794042,0 Brentwood Junction,Évry
218,Lazzy,Asian,686366511,0999 Corry Road,Jing’an
219,Voonder,Asian,298235286,1119 Butternut Street,Yunxi
220,Jatri,Dairy,938712206,5 Daystar Trail,Makilala
221,Jayo,Dairy,623858352,81244 Lerdahl Center,New Orleans
222,Twitterbridge,Asian,532477059,76 Burning Wood Plaza,Banjar Banyualit
223,Twitterbridge,Meat,516489559,8 Ramsey Center,Tiechang
224,Feedfish,Meat,421540107,030 Roth Circle,Gashua
225,Npath,Asian,554218891,334 Delaware Junction,Vittoriosa
226,Browsedrive,Dairy,929364035,15173 Clemons Drive,Heshui
227,Brightbean,Asian,893528656,9917 South Pass,Koszęcin
228,Gabspot,Israeli,794249660,75 Dakota Lane,Yaoundé
229,Jaloo,Mexican,783740165,3021 Dawn Parkway,El Hajeb
230,Aibox,Korean,499340656,0 Thompson Way,Anibare
231,Brainverse,Italian,771618354,2657 Maywood Parkway,Suisan
232,Livefish,Mexican,531742572,75128 Dennis Plaza,Llalli
233,Zoomcast,Korean,162226194,6131 Hansons Pass,Hénin-Beaumont
234,Wikivu,Mexican,909400669,14471 Paget Avenue,Magdalena
235,Livepath,Meat,591166967,597 Harper Terrace,Nynäshamn
236,Quinu,Korean,470691064,2 Rutledge Terrace,Maromitsa
237,Tagfeed,Meat,104557367,94 1st Trail,Kemlya
238,Fivechat,Vegan,689875556,69 Mendota Trail,Nong Ruea
239,Youbridge,Dairy,854096692,45 Oak Place,Staryy Oskol
240,Oloo,Italian,732191234,13 Alpine Park,Chaman
241,Skipfire,Mexican,125866204,37586 Farragut Alley,Lanipao
242,Plambee,Israeli,217465082,0 Old Gate Trail,Vinica
243,Realblab,Meat,260854707,374 Ruskin Place,Newlands
244,Vitz,Korean,187039410,9536 Rockefeller Crossing,Lunel
245,Talane,Italian,315964606,2267 Toban Pass,Wierzbica
246,Leenti,Vegan,708666253,9285 Garrison Place,Qijiaxi
247,Ntags,Vegan,632982816,33 Pine View Center,Apiaí
248,Geba,Israeli,342340315,00229 Lotheville Terrace,Chenfang
249,Skalith,Israeli,559768512,22526 Dayton Pass,Itápolis
250,Cogidoo,Israeli,439285586,258 Northfield Lane,Daxi
251,Buzzbean,Mexican,597765726,8251 Mcguire Pass,Balas
252,Rooxo,Italian,676486110,8 Northview Park,Prosperidad
253,Eadel,Mediterranean,842089557,82 Weeping Birch Lane,Hedi
254,Lazzy,Vegan,182877213,501 Oriole Street,Sokol
255,Skiba,Asian,814444850,64 Main Hill,Kasturi
256,Geba,Meat,415831530,0 Prairie Rose Crossing,Armanāz
257,Twitterbeat,Mexican,936088139,8399 Brown Court,Tobi Village
258,Fatz,Asian,271832826,7968 Knutson Way,Chornoliztsi
259,Buzzdog,Dairy,713564017,498 Thompson Center,Kárystos
260,Gigashots,Israeli,341213765,76364 Vera Plaza,Tenggun Dajah
261,Livepath,Mediterranean,635363338,05 Twin Pines Alley,Novo-Nikol’skoye
262,Yozio,Israeli,110058738,8026 Mariners Cove Trail,Wadi Kidul
263,Jatri,Dairy,133721048,05226 Dixon Alley,Irvine
264,Mita,Asian,776731333,41211 Anzinger Junction,Citasuk
265,Kimia,Dairy,425991617,19 Talisman Terrace,Enskede
266,Edgeblab,Vegan,463829449,95 Fairfield Trail,Korsakovo
267,Mynte,Asian,676703474,67705 Mosinee Crossing,Marseille
268,Topicshots,Mexican,477594633,7206 Ludington Circle,Baalbek
269,Centimia,Mediterranean,372222339,41074 Sunnyside Place,Hukeng
270,Dabfeed,Vegan,531708907,0618 Hermina Road,Karolino-Buhaz
271,Realblab,Meat,411671455,58917 Killdeer Street,Klang
272,Fatz,Israeli,102110347,84147 David Way,Ciodeng
273,Voolia,Mediterranean,221106545,800 Mandrake Crossing,Zaria
274,Leexo,Meat,508989515,9470 Sundown Pass,Tam Bình
275,Mynte,Asian,953107635,756 Florence Drive,Bjärred
276,Topicblab,Meat,102847236,12 Prairie Rose Place,Amalfi
277,Meejo,Italian,260783665,98 Blaine Parkway,Four Cross Roads
278,Yodoo,Dairy,614021833,476 Kropf Center,Kuzhuping
279,Brainlounge,Korean,843276721,77 Chive Crossing,Mekarsari
280,Zoomlounge,Israeli,434565674,03 Union Park,Dafeng
281,Babbleset,Vegan,446701238,3913 Annamark Circle,Tahara
282,Trudeo,Asian,687722132,0919 Paget Circle,Svyatogorsk
283,Zoozzy,Israeli,219855541,3397 Lakeland Pass,Kaduheuleut
284,Centidel,Italian,531989228,5 American Parkway,Oslo
285,Youopia,Mexican,576279877,52 Mcbride Hill,Blimbing
286,Dabshots,Italian,274700539,8 Pond Road,Karangasem Laok
287,Devify,Mediterranean,247692771,159 Duke Trail,Ede
288,Livepath,Israeli,344053776,491 5th Road,Comodoro Rivadavia
289,Pixope,Asian,542430440,6 Pierstorff Road,Washington
290,BlogXS,Vegan,427214819,97 Red Cloud Park,Saki
291,Eidel,Asian,406948848,188 Corben Junction,Yuanzhou
292,Avavee,Mexican,783090948,3160 Beilfuss Avenue,Vale de Figueira
293,Skyvu,Dairy,683374722,33384 Aberg Junction,Karipidita
294,Vitz,Italian,425407300,16 Waxwing Court,Cibinong Satu
295,Innotype,Mexican,223479212,05668 Sommers Park,Hekou
296,Dynabox,Vegan,302701141,5209 Prairie Rose Way,Cherkasskoye
297,Lajo,Korean,866041462,1 Riverside Avenue,Vardenik
298,Skajo,Mediterranean,508575083,2742 Express Circle,Agra
299,Wikido,Italian,881015231,399 Dunning Hill,Doubravice nad Svitavou
300,Skiba,Italian,595692851,667 Esch Court,Brinkmann
301,Blogtags,Asian,440694581,1 Clemons Place,Paraguaçu
302,Twitterbeat,Vegan,234186532,578 Elka Way,Muladbucad
303,Roomm,Mexican,146139749,8 Melby Circle,Banakaja
304,Avamm,Korean,681526164,9273 Red Cloud Way,Bhairab Bāzār
305,Geba,Dairy,292655042,39 Cody Lane,Xuguang
306,Leenti,Israeli,171959969,4 Monument Street,Denyshi
307,Oyope,Meat,348214525,3 Mendota Street,Sidamulya Satu
308,Photospace,Vegan,366428143,3 Lukken Park,Totora
309,Yodoo,Mediterranean,265786027,2 Manufacturers Hill,Tongyang
310,Youopia,Italian,837918590,5 Monument Center,Lorengau
311,Minyx,Israeli,323162508,9 Meadow Vale Park,Oliveirinha
312,Realpoint,Dairy,616790673,1 Surrey Hill,Czerwin
313,Livefish,Asian,572042143,15683 Division Plaza,Marale
314,Katz,Israeli,190810523,0 Westport Road,San Juan de Colón
315,Fliptune,Mexican,672400289,88 Debra Street,Minshan
316,Agimba,Asian,804342785,0 Clyde Gallagher Point,Bosilovo
317,Blogpad,Dairy,159058573,31225 Iowa Point,Vrbovec
318,Latz,Meat,233289227,3 Nobel Park,New Westminster
319,Dabfeed,Vegan,568303824,7 Moulton Court,San Jose del Monte
320,Ailane,Italian,633252088,4 Esch Alley,Pan-an
321,Devcast,Meat,814515700,699 Mariners Cove Pass,Mamoudzou
322,Cogibox,Mediterranean,523960592,29632 Helena Alley,Hongshan
323,Ozu,Mexican,887820244,16 Chinook Alley,Naawan
324,Roodel,Meat,302628152,35 Sunfield Terrace,Zuhu
325,Twiyo,Mexican,690362241,6230 Cody Court,Milán
326,Vipe,Mexican,232916044,634 Waubesa Hill,Los Boquerones
327,Realbuzz,Mediterranean,900347294,753 Carberry Terrace,Miami
328,Voonyx,Italian,813787351,55 Huxley Point,Springfield
329,Quaxo,Vegan,524364465,163 Jenna Court,Bezons
330,Devbug,Asian,576392967,64 Porter Drive,Zagnitkiv
331,Meejo,Dairy,313155557,7130 Oneill Point,Ceadîr-Lunga
332,Shufflester,Meat,645266244,2 Lillian Place,Habartov
333,Skyvu,Israeli,622577398,03 Boyd Lane,Santa Lucia
334,Yodo,Mexican,786543436,68279 Prairie Rose Terrace,Cihambali
335,Yoveo,Meat,604186445,21937 Shelley Way,Ya‘bad
336,Lazz,Dairy,766181103,798 Mcguire Park,Oslo
337,Quire,Mexican,824480193,3120 Orin Junction,Gary
338,Browseblab,Mediterranean,877930333,80925 Eagle Crest Drive,Ussel
339,Yambee,Vegan,627676901,319 Ilene Pass,Geser
340,Jaxspan,Mediterranean,114869131,216 Portage Hill,Pápa
341,Zoonder,Israeli,852924891,0568 Reindahl Drive,Lambton Shores
342,Youspan,Dairy,780440874,92 Novick Plaza,Sirnasari
343,Eare,Vegan,994660533,17765 4th Circle,Colmeal
344,Youopia,Israeli,687226711,7 Portage Lane,Białobrzegi
345,Linklinks,Dairy,364338757,7152 Ohio Hill,Limoeiro do Norte
346,Kwideo,Dairy,501233967,320 Kings Center,Rättvik
347,Yoveo,Italian,192877205,338 Comanche Crossing,Arcangel
348,Latz,Vegan,236639005,85592 Tennessee Point,Saint John
349,Bubblebox,Mediterranean,839761184,5404 Kingsford Trail,San Celestio
350,Linkbridge,Vegan,531613243,4416 Cordelia Avenue,Bailieborough
351,Demivee,Mediterranean,559505930,680 Judy Park,Sananrejo
352,Rooxo,Israeli,294518514,336 Bunting Road,Tuanalepe
353,Feednation,Mediterranean,879554042,49 Lunder Junction,Kezileboyi
354,Livepath,Asian,484471759,77259 Homewood Plaza,Lipovljani
355,Photobean,Korean,334639247,562 6th Road,Boshof
356,Cogidoo,Asian,647530289,8 Sommers Street,Dukhovshchina
357,Quire,Mexican,494390435,86019 Jenna Pass,Osnabrück
358,Feednation,Meat,914682160,04 Twin Pines Place,Marinilla
359,Layo,Israeli,794789531,39320 Bayside Crossing,Sehwān
360,Voonyx,Asian,326241420,57653 Thackeray Point,Agrínio
361,Jaxnation,Dairy,452521895,64242 Westport Junction,Buyende
362,Skyvu,Mexican,231865680,6442 Miller Way,Pandakan
363,Yadel,Korean,597117381,63841 Kings Lane,Solina
364,Yodel,Asian,874464032,5 Roxbury Circle,Liuli
365,Pixope,Mediterranean,677847532,6013 Erie Lane,Gujiadian
366,Tanoodle,Mediterranean,907751317,0972 Mosinee Pass,Kuala Lumpur
367,Centidel,Mexican,267957605,88 Clyde Gallagher Lane,Donim
368,Devbug,Korean,446241339,599 Corscot Center,Kapsabet
369,Jaxbean,Korean,260205470,9 Oneill Center,Prantaan
370,Kwideo,Mediterranean,319588093,7913 Trailsway Road,Santo Domingo de los Colorados
371,Twitterbeat,Meat,190272069,3 Dayton Point,Shreveport
372,Twiyo,Asian,125438763,1 Eagle Crest Parkway,Panórama
373,Topiczoom,Dairy,673629720,4 Crest Line Center,Jargalant
374,Eadel,Meat,802857116,8 Dexter Circle,Jiandou
375,Lazz,Korean,681132820,840 Summer Ridge Court,Busay
376,Rhynoodle,Korean,140993236,98149 Fieldstone Court,Kleszczewo
377,Edgeify,Mexican,109179778,1392 Fairview Place,Champerico
378,Eire,Mexican,213381954,72 Maywood Junction,Jiayi
379,Thoughtblab,Asian,641076394,83909 Dakota Hill,Brikama
380,Abatz,Mexican,951251707,1 Michigan Drive,Trucuk
381,Skajo,Korean,757265635,53523 Moland Street,Ranao
382,Agimba,Mediterranean,396616682,2177 Barnett Trail,Naschel
383,Tagopia,Mediterranean,344106393,221 Arkansas Hill,Silab
384,Meejo,Asian,948459671,68 Monterey Center,Qingzhou
385,Yacero,Dairy,532011997,709 Bartillon Hill,Yangcun
386,Dabtype,Israeli,171105129,8626 Dakota Center,Karamat
387,Jatri,Dairy,877083840,38 Orin Court,Ciudad Sandino
388,Devshare,Mexican,830876040,58 Goodland Lane,Suai
389,Brainbox,Asian,234832729,907 Loomis Street,Eséka
390,Flashpoint,Italian,956118731,00329 1st Place,Paungde
391,Gabcube,Meat,175688647,952 Mcbride Circle,Denver
392,Jatri,Asian,894148385,947 Nobel Point,Ðà Lạt
393,Dynava,Vegan,880179631,209 John Wall Hill,Lingyuan
394,Skajo,Dairy,275058713,7733 Evergreen Drive,Novouzensk
395,Eare,Korean,124338193,7 Mayfield Plaza,Polýkastro
396,Thoughtstorm,Italian,343545318,4 Thierer Hill,Arbaoua
397,Browsezoom,Mexican,813529993,3471 High Crossing Court,Estancia
398,Jaxbean,Israeli,581216714,2 Fieldstone Plaza,Katagum
399,Youspan,Korean,338139826,344 Northfield Plaza,Trunovskoye
400,Youfeed,Italian,587326134,78 Mitchell Point,Kalembutillu
401,Divavu,Israeli,753767899,2 Redwing Circle,Beaufort
402,Voolia,Israeli,528135866,5332 Bonner Point,Pingtan
403,Blogspan,Meat,491778662,78 Becker Way,Bystryanka
404,Realfire,Italian,510394512,43 Pierstorff Point,Lubomierz
405,Jetpulse,Israeli,794630458,93498 Grasskamp Junction,Beaverton
406,Trupe,Mexican,748784958,9029 Granby Parkway,Labuhan
407,Gabtune,Israeli,268118002,3585 Texas Drive,Cristalina
408,Meevee,Meat,548279192,49581 Jackson Street,Ciburial
409,Zoozzy,Asian,123129715,7 Leroy Hill,Canggang
410,Layo,Dairy,894865852,480 Ilene Plaza,Kudymkar
411,Kamba,Mexican,706271572,05630 Westend Pass,Pagelaran
412,Oodoo,Vegan,215926191,3 2nd Park,Satipo
413,Chatterbridge,Mediterranean,102349345,1 Ohio Road,Yinglong
414,Meedoo,Dairy,574177126,6092 Service Lane,Shikhazany
415,Gabtune,Asian,561927156,8362 Sauthoff Parkway,Tuymazy
416,Wordware,Vegan,184016760,0 Banding Avenue,Puerto Mayor Otaño
417,Podcat,Asian,658694261,92214 Havey Plaza,Rio Largo
418,Lajo,Italian,484158474,46 Sunfield Alley,Novotroitsk
419,Fanoodle,Meat,445937501,766 Gateway Circle,Bandar Pusat Jengka
420,Nlounge,Meat,641752385,6 Kennedy Place,Dallas
421,Eadel,Vegan,694080545,72566 Esker Center,Sitovo
422,Realcube,Italian,957156313,99570 Fuller Plaza,Bidikotak
423,Avavee,Italian,171174538,065 Blue Bill Park Drive,Moravská Třebová
424,Devcast,Israeli,436436709,86 Express Terrace,Gesikan
425,Pixoboo,Korean,741070513,6 Moland Terrace,Shengtang
426,Miboo,Mediterranean,950190225,06819 David Pass,Governador Valadares
427,Mita,Mediterranean,291466466,01308 Dahle Plaza,San Agustín
428,Photolist,Asian,330738866,61285 Stuart Plaza,Saguiaran
429,Innotype,Italian,225929642,9928 Crescent Oaks Pass,Ribamar
430,Quatz,Vegan,543547072,281 Logan Court,Tamano
431,Vipe,Mediterranean,987024085,3138 Golf Place,Gordon Town
432,Eadel,Dairy,370261933,8 Continental Circle,Futian
433,Topicware,Dairy,545887345,991 Eagle Crest Drive,Naushahro Fīroz
434,Kwimbee,Israeli,967039172,089 Alpine Lane,Thessalon
435,Brainsphere,Mexican,677909835,111 Dryden Junction,Berendeyevo
436,Avamba,Mediterranean,307001793,0616 Florence Trail,Campo Viera
437,Devify,Vegan,644457965,2690 Lakewood Place,Kalininskiy
438,Agimba,Vegan,545924306,49 Main Way,Beroroha
439,Oba,Mediterranean,917683154,66 6th Place,Şaydnāyā
440,Flashspan,Meat,633821975,2 Mifflin Place,Mintian
441,Youbridge,Meat,391642111,5185 Barnett Place,Bazi
442,Babbleblab,Vegan,761608934,9053 Barby Crossing,Hiji
443,Realpoint,Dairy,712052174,633 Eggendart Lane,Acolla
444,Thoughtbridge,Asian,208828796,80979 Eggendart Point,Serang
445,Twitterbeat,Israeli,719532766,8 Grover Junction,Mulhouse
446,Yoveo,Vegan,607777386,10 Forster Circle,Simpangpasir
447,Linklinks,Dairy,476583535,7685 Mallard Plaza,Meicheng
448,Jaxbean,Korean,246148296,6523 Oak Circle,Navan
449,Dabjam,Dairy,658396495,7 Lake View Place,Liwonde
450,Avamm,Asian,142952916,583 Vahlen Hill,Sydney
451,Kare,Asian,196691319,950 Sunbrook Street,Staronizhestebliyevskaya
452,Oyondu,Asian,123964876,10 Fuller Pass,Mi’ersi
453,Brainbox,Italian,210153241,4244 Surrey Park,Ţahţā
454,Topicstorm,Mexican,719647214,12 Buhler Center,Cikadu
455,Avamm,Italian,835828059,65 Kropf Center,Soledad
456,Yambee,Dairy,165046959,56169 Crowley Drive,Panino
457,Digitube,Mediterranean,182347664,04 Paget Court,Zengtian
458,Tanoodle,Asian,321479344,0 Coleman Street,Bar-le-Duc
459,Tambee,Mexican,934313658,93 Morningstar Crossing,Estique
460,Realblab,Italian,977652965,29 Lakewood Gardens Drive,Wuyo
461,Yakitri,Italian,364173418,33 Anzinger Court,Los Charrúas
462,Edgeify,Dairy,106087969,489 Ryan Court,Solnechnyy
463,Skiptube,Mexican,109299270,69353 Macpherson Circle,Wenceslao Escalante
464,Agimba,Israeli,322908604,9480 Declaration Junction,Baimiao
465,Jabbersphere,Korean,601951914,8115 Mifflin Drive,Yujing
466,Linkbridge,Mediterranean,110380308,20 Kinsman Parkway,Lamduan
467,Thoughtworks,Italian,100178042,79203 Roxbury Trail,Alexandria
468,Linkbridge,Meat,502510659,1 Warner Road,Huangshanguan
469,Yamia,Korean,805287621,695 Fieldstone Way,Longmen
470,Trunyx,Vegan,436049211,65586 Northland Avenue,Baoping
471,Fiveclub,Meat,888269423,83436 Buell Alley,Milići
472,Yamia,Italian,201662382,76 Bultman Terrace,Türkmenabat
473,Innotype,Vegan,185615610,25581 Prairie Rose Pass,Dongyuan
474,Kanoodle,Israeli,407056755,60130 Graedel Terrace,Bélabo
475,Aimbu,Korean,209189864,919 Burning Wood Alley,Iizuka
476,Aivee,Asian,273626784,822 Fisk Parkway,Buan
477,Ailane,Dairy,584602880,53977 Melby Pass,Arrah
478,Devpulse,Mexican,996779729,72 Haas Junction,Montpellier
479,Skipfire,Dairy,608138921,48530 Del Sol Crossing,Erenhot
480,Flashdog,Mexican,749013555,55272 Mariners Cove Way,Bezerros
481,Mita,Italian,251723378,69 Tomscot Court,Borzęta
482,Skyndu,Mexican,961253568,149 Oneill Lane,Río Ceballos
483,Jamia,Israeli,757652828,08101 Golf Course Way,Krasyliv
484,Agimba,Meat,167278893,868 Jay Pass,Fresno
485,Topicblab,Asian,576786435,0 Lindbergh Street,Guadalupe
486,Edgewire,Vegan,672980303,2867 Eagan Place,Mingcheng
487,Dabfeed,Asian,120761052,630 Autumn Leaf Trail,Cherëmushki
488,Wordtune,Mediterranean,414213281,6447 Farmco Avenue,Notodden
489,Voolia,Korean,437639131,98921 Kedzie Parkway,Firmat
490,Babblestorm,Dairy,134802029,10386 Spaight Pass,Ngkiong
491,Zoomzone,Meat,402305453,845 Scott Crossing,Banatska Topola
492,Trilia,Mexican,767106575,630 Walton Lane,Villazón
493,InnoZ,Asian,810899841,004 Quincy Road,Setanggor
494,Edgepulse,Mexican,589639537,0 Sachtjen Court,Bente
495,Rooxo,Italian,205140945,5818 Gulseth Pass,Xianqiao
496,Skibox,Israeli,238198671,40 Blaine Hill,Beitan
497,Shuffletag,Mediterranean,646407961,646 International Parkway,Strasbourg
498,Quamba,Asian,742675553,2720 Calypso Alley,Chaeryŏng-ŭp
499,Meezzy,Korean,544755691,890 Havey Park,Lantang
500,Abata,Meat,740900260,768 West Road,Huzhen
501,Pixoboo,Vegan,742054873,0742 Hoepker Avenue,Carvalhal
502,Mynte,Meat,855706566,58 Florence Center,Zblewo
503,Twitterlist,Asian,279096590,7 Hintze Trail,Promyshlennovskiy
504,Cogilith,Mediterranean,528446085,1166 Carioca Plaza,Méru
505,Yodoo,Mediterranean,583905571,7 Packers Alley,Selydove
506,Zava,Meat,899898448,2552 Mandrake Park,Bourg-en-Bresse
507,Fatz,Dairy,430251353,0210 Mifflin Center,Mabay
508,Babblestorm,Mediterranean,787711884,073 Scofield Road,Anao
509,Aimbu,Meat,815439044,7 Vermont Circle,Shangdongjie
510,Chatterbridge,Asian,345909230,37 Bluestem Place,Bavorov
511,Gigazoom,Korean,262958511,8941 Birchwood Court,Argenteuil
512,Voonder,Korean,451050830,04768 Darwin Trail,Pozo Hondo
513,Jaxnation,Dairy,615732505,49555 Brown Court,Saint-Flour
514,Innotype,Asian,658115858,56133 Loeprich Court,Kuala Lumpur
515,Jaxbean,Asian,149783125,58656 Clove Avenue,Shazi
516,Photobug,Meat,270516052,33 Garrison Court,Newtown
517,Twitterlist,Italian,959572632,0 Hagan Crossing,Amper
518,Kwimbee,Vegan,977328620,35 Golf View Terrace,Krajan Kerjo
519,Gevee,Asian,967182105,1376 Schiller Junction,Thị Trấn Quế
520,Rooxo,Italian,128330588,3 Spenser Pass,Tumpukrenteng
521,Zoomdog,Meat,492963850,218 Comanche Junction,Thị Trấn Cao Phong
522,Quatz,Asian,622209138,26328 Fisk Crossing,Żyrardów
523,Devcast,Mediterranean,485095252,1106 Sutteridge Avenue,Shīrvān
524,Twitterwire,Korean,168491777,23656 Green Ridge Park,Xiong’erzhai
525,Trudeo,Vegan,340971700,0 Lakewood Gardens Circle,Troitskaya
526,Mita,Vegan,483739216,3578 Valley Edge Park,Pitangui
527,Photobug,Meat,929089337,938 Dunning Trail,Otjimbingwe
528,Skidoo,Dairy,540464860,74076 Bartillon Avenue,Chosica
529,Ntags,Asian,380369044,2 Reinke Park,Xinzhou
530,Skivee,Vegan,455315572,50 Dunning Pass,Huangjin
531,Trupe,Korean,674106308,8916 Glendale Park,Chenjiatan
532,Photobean,Vegan,299112480,34 Lakeland Circle,Maslovare
533,Brightbean,Korean,256894371,8462 Summerview Park,Neuilly-sur-Seine
534,Rhyzio,Israeli,334353056,5889 Johnson Plaza,Banggel
535,Skinte,Israeli,404444579,41 Mayfield Parkway,Kathu
536,Tavu,Vegan,709950755,9715 Surrey Alley,Moca
537,Mybuzz,Mexican,430753203,26222 Buhler Parkway,Yinghua
538,Tazzy,Italian,643548337,9 Eagan Crossing,Buenavista
539,Gabvine,Mediterranean,196077840,53 Merry Street,Telengsari
540,Voolith,Italian,454411829,5992 Menomonie Road,Tunbao
541,Fiveclub,Israeli,891805050,4884 Redwing Pass,Macabugos
542,Yakitri,Asian,603483244,7 Vahlen Crossing,Lysá nad Labem
543,Youfeed,Dairy,875655674,81 Vidon Drive,San Miguel
544,Realcube,Mediterranean,429921617,15 Sage Trail,Mölndal
545,Fatz,Israeli,955499772,6 Johnson Place,Funtua
546,Buzzshare,Meat,421781836,285 Muir Drive,Kamimaruko
547,Tambee,Vegan,272101030,982 Bluejay Trail,Tiko
548,Livefish,Israeli,192818017,4 Eastwood Junction,Al Tuḩaytā’
549,Youbridge,Mediterranean,337064272,441 Swallow Junction,Rufino
550,Browsetype,Korean,332807107,8 Redwing Park,Chanuman
551,Edgepulse,Dairy,883961203,01979 Weeping Birch Road,Beidong
552,Cogilith,Meat,479888548,95625 Granby Alley,Ambarita
553,Oozz,Meat,962016393,0875 Moland Center,Provo
554,Zoombox,Meat,569814310,8 Jana Junction,Shibganj
555,Innojam,Asian,741999569,4 Eggendart Place,Heshan
556,Skyvu,Italian,566144334,6196 Clove Crossing,Ponte da Pedra
557,Kwinu,Meat,578209339,97753 Old Gate Street,Krajan Puger Wetan
558,Camido,Israeli,133897427,4 Maple Wood Drive,La Quebrada
559,Topiczoom,Israeli,484633817,58220 Kings Drive,Municipio de Copacabana
560,Flashdog,Meat,173357143,18437 Chinook Center,Laxiong
561,Gabtune,Meat,194293169,1074 Ramsey Plaza,Jevíčko
562,Meevee,Dairy,873291359,2343 Banding Avenue,Castelo
563,Yoveo,Asian,284848627,24 Mallard Street,Polos
564,Yodel,Mexican,304842681,4 Veith Road,Monguno
565,Quinu,Italian,839875193,510 Trailsway Avenue,Udobnaya
566,Blogpad,Meat,592062881,556 Sherman Avenue,Đồi Ngô
567,Eimbee,Dairy,753166650,0721 Di Loreto Plaza,Tsagaanders
568,Katz,Israeli,272911772,168 Butternut Trail,Dongsheng
569,Flipopia,Mexican,868934404,9265 Birchwood Drive,Baykit
570,Dazzlesphere,Meat,401103737,3 Amoth Park,Risālpur
571,Thoughtbeat,Meat,723406405,83816 Helena Drive,Seremban
572,Edgeclub,Korean,200311251,5 Corscot Court,Gempolan Wetan
573,Yakitri,Mediterranean,954021832,3223 Center Circle,Valle de Ángeles
574,Oloo,Israeli,234089909,59308 Drewry Lane,Embarcación
575,Ozu,Mediterranean,373392430,59070 Gateway Drive,Kotaagung
576,Tagtune,Mexican,780819658,21174 Vera Court,Filothéi
577,Oyoba,Italian,209828825,83184 Merchant Hill,Pagaden
578,Skajo,Israeli,548408881,933 1st Lane,Tonjongsari
579,Yakijo,Israeli,644427601,214 Farragut Junction,Chibuto
580,Rooxo,Meat,410428795,92 Corry Park,Bang Lamung
581,Topicstorm,Italian,586236095,071 Hanover Crossing,Huayuan
582,Pixonyx,Dairy,704269275,8 Pennsylvania Street,Kangxung
583,Browsezoom,Israeli,663120174,3 John Wall Way,Trondheim
584,Buzzbean,Korean,272468460,22 Melby Circle,Seraya
585,Blogtag,Korean,292165501,88 Ruskin Avenue,Fotolívos
586,Izio,Vegan,951955111,6573 Sloan Crossing,Saint Louis
587,Blogtag,Mediterranean,896363863,14 Westport Point,Kabare
588,Edgewire,Korean,259388035,46546 Petterle Alley,Sumbergedong
589,BlogXS,Mexican,435755343,93835 Surrey Avenue,Czarnożyły
590,Blogtag,Italian,625878757,22552 Straubel Road,Duishan
591,Jabberstorm,Israeli,525700596,1 South Terrace,Sunduk
592,Kazu,Dairy,502152398,6 Tomscot Terrace,Campos Belos
593,Kare,Mediterranean,742288951,8 Old Shore Pass,Stockholm
594,Ooba,Mexican,591761106,1754 Mosinee Park,San Felipe
595,Jayo,Israeli,132118663,99357 Graedel Drive,Zhouzhuang
596,Mita,Italian,522750821,427 Marcy Hill,Baizhang
597,Yodoo,Italian,975659708,82673 Karstens Drive,Anhua Daying
598,Eire,Mediterranean,764200624,5968 Lawn Point,Nantes
599,Jetwire,Dairy,855085353,0 Hooker Hill,Popovi
600,Photospace,Dairy,258446132,45867 Armistice Point,Zagreb
601,Twitterbeat,Mediterranean,785596576,29227 Packers Park,Pampas
602,Kayveo,Vegan,381731176,2 Nelson Lane,Huazangsi
603,Kanoodle,Italian,574372272,956 Esker Center,Tetovo
604,Bluejam,Mediterranean,214424193,2347 Merrick Center,Oneop
605,Meevee,Vegan,256248527,986 Spenser Place,Tonggoh
606,Innojam,Mexican,140260473,2 Gale Plaza,Chengfeng
607,Brainlounge,Korean,136053516,3719 Jay Park,Västervik
608,Aivee,Italian,906792110,278 Delaware Drive,Lishan
609,Riffwire,Vegan,676542546,1951 Rigney Circle,Springfield
610,Thoughtbeat,Dairy,819292134,743 Pankratz Road,Providence
611,Ozu,Asian,684440864,2029 Eagle Crest Drive,Chittagong
612,Avamba,Italian,227771566,00 Kennedy Street,San Jose
613,Kazio,Italian,245920929,694 Stoughton Parkway,Ribeirópolis
614,Yambee,Italian,469051886,012 Hovde Parkway,Jingchuan
615,Zoombox,Mediterranean,781157994,32 Buell Circle,Caoyan
616,Oyoloo,Asian,103885388,75 Rockefeller Drive,Ljig
617,Feedbug,Dairy,811794155,63 Carpenter Pass,La Poma
618,Brainsphere,Meat,966256656,40 Farmco Park,Yoiqag
619,Dabtype,Italian,278863569,79 Pawling Crossing,Bungkulan
620,Jaxspan,Korean,191147078,67 Roth Terrace,Lubrza
621,InnoZ,Meat,238194925,82 Petterle Alley,Jalingo
622,Yata,Meat,763177848,492 Hermina Alley,Cincinnati
623,Oyoyo,Asian,940229570,75 Sutherland Terrace,Nanyanchuan
624,Meeveo,Italian,264935871,61 Tennyson Avenue,‘Izbat al Burj
625,Twitterworks,Korean,830907936,316 Dovetail Parkway,Hayes
626,Feedmix,Israeli,995480343,54936 Holy Cross Plaza,Numan
627,Podcat,Korean,677913697,31882 Sutteridge Point,Outeiro
628,Gigabox,Mexican,981638808,8 Tony Street,Valašská Bystřice
629,Twitterbeat,Vegan,602197699,702 Hooker Hill,Ngadri
630,Yambee,Asian,755344578,5 Lawn Drive,Loay
631,Skyndu,Vegan,584420890,37 Waywood Circle,Pailitas
632,Jetpulse,Mediterranean,766895089,59566 Browning Trail,Mochumí
633,Wikizz,Dairy,698943337,00546 Barnett Court,Sievi
634,Meemm,Vegan,734718163,90 Rowland Alley,Mrzeżyno
635,Brainverse,Vegan,813523629,33 Spaight Street,Miami
636,Fatz,Mexican,133712397,9 Sauthoff Park,Auxerre
637,Wikido,Italian,699891958,860 Springview Drive,Tamanan
638,Browsetype,Asian,426798631,15 3rd Way,Shifang
639,Flashspan,Asian,886907600,8 Dottie Avenue,Kishkenekol’
640,Skimia,Mexican,485197621,3124 Stone Corner Avenue,Goris
641,Thoughtmix,Korean,810138169,327 Northfield Road,Olmos
642,Jaxspan,Asian,656396954,39263 Walton Alley,Zhigalovo
643,Linkbridge,Vegan,814283881,46 Cody Court,Niafunké
644,Feedmix,Asian,423607615,35 Swallow Plaza,El Nido
645,Divape,Korean,578545184,168 Dwight Center,Huangshan
646,Flipstorm,Korean,517929391,46 4th Park,Nikol’sk
647,Mybuzz,Mexican,135598415,43028 Meadow Vale Terrace,Umeå
648,Jabbertype,Dairy,350821020,8226 Monterey Park,Cruz das Almas
649,Realblab,Israeli,921440634,7656 Dapin Junction,Niemodlin
650,Gabtune,Israeli,386087734,996 Grasskamp Drive,El Cafetal
651,Gevee,Vegan,801845612,73465 Hoepker Parkway,Changfeng
652,Npath,Meat,643721268,52935 Sherman Street,Jivia
653,Wikizz,Mexican,323899048,64 Lawn Plaza,Llazicë
654,Skippad,Korean,871969835,71425 Granby Crossing,Ivry-sur-Seine
655,Thoughtsphere,Israeli,770876516,4 Cody Alley,Zhongdeng
656,Meetz,Meat,344776012,76 Brentwood Way,Hovd
657,Linkbuzz,Israeli,782071820,29122 Calypso Drive,Keren
658,Dabtype,Mexican,639076886,70 Valley Edge Court,Yantang
659,Yoveo,Dairy,105580596,3 Mosinee Circle,Karlstad
660,Mybuzz,Meat,462655596,826 Dapin Junction,Cibenda
661,InnoZ,Meat,839288460,973 Waxwing Place,Pericik
662,Blogtags,Italian,762351403,72 Sullivan Junction,Duas Igrejas
663,Flashdog,Korean,257715432,65526 Merrick Parkway,Bauan
664,Zoomdog,Meat,331492486,0 Cardinal Center,Aelande
665,Flashpoint,Dairy,543561779,95 Johnson Way,Kolokani
666,Npath,Mediterranean,805771301,6 Surrey Crossing,Kaédi
667,Chatterbridge,Mexican,829070816,3062 Shelley Road,Takahata
668,Topicblab,Mediterranean,295252851,693 Reindahl Road,Taliouine
669,Fatz,Korean,954040703,23865 Spaight Road,Zharkent
670,Eidel,Vegan,991341261,1 Eliot Road,Bouctouche
671,Eidel,Mediterranean,877072478,4829 Memorial Pass,Montes
672,Fiveclub,Dairy,957466304,9470 Lighthouse Bay Drive,Isidro Fabela
673,Skinix,Italian,872957781,878 Hoffman Street,Gibara
674,Lazz,Meat,107106297,1352 Shopko Lane,Yonggu
675,Twinte,Italian,922646869,43 Veith Parkway,Liangdong
676,Realbuzz,Asian,370820685,0 Burrows Plaza,Su-ngai Kolok
677,Voolith,Israeli,206031960,81 Bobwhite Junction,Palangan
678,Mynte,Dairy,967778063,92 Schurz Parkway,Vostochnyy
679,Dynava,Italian,957810733,50 Bultman Plaza,Beishan
680,Twitterwire,Mediterranean,369442641,369 Memorial Parkway,Heřmanova Huť
681,Skalith,Mexican,333294200,5305 Boyd Street,Babagan
682,Zoonoodle,Dairy,364042751,487 Moland Plaza,Lower Hutt
683,Tekfly,Vegan,430777786,3 Carberry Pass,Floresta
684,Wikizz,Meat,372347988,3 Brown Hill,Seixo
685,Omba,Mediterranean,336862874,01 Kings Junction,Rusocice
686,Livetube,Meat,920874158,3822 Carberry Alley,Zhovti Vody
687,Topdrive,Mexican,698772059,2 Hansons Court,Jiyang
688,Youopia,Mediterranean,487100232,8 Old Shore Terrace,Cangyou
689,Leexo,Mediterranean,410826938,6302 Steensland Crossing,Kowala
690,Meemm,Dairy,998245524,6 Mesta Court,Sotouboua
691,Brightbean,Mexican,739047185,2 Magdeline Pass,Erniusuokou
692,Pixoboo,Mediterranean,713689823,4954 Meadow Ridge Alley,Tinghir
693,Dynava,Mexican,464505763,55988 Twin Pines Point,Engel’-Yurt
694,Trupe,Mexican,520354595,2291 Elgar Terrace,Phúc Yên
695,Yotz,Asian,704553399,51 3rd Road,Fuming
696,Zoomlounge,Mexican,938085608,8 Melody Junction,Leżajsk
697,Meeveo,Korean,606808482,0 Bunting Point,Uglegorsk
698,Youfeed,Israeli,547981243,8837 Bluejay Alley,Halle
699,Roomm,Dairy,888466623,2655 Shoshone Pass,Capela
700,DabZ,Mexican,748531050,34829 Grayhawk Trail,Bonpland
701,Eazzy,Korean,148926735,19467 Heffernan Circle,Mantalongon
702,Skimia,Mexican,967783721,996 Marcy Park,Krzyżanów
703,Buzzshare,Mediterranean,812178940,070 Killdeer Lane,Marquard
704,Divape,Dairy,289324450,28256 Melody Drive,Sikur
705,Bubblemix,Korean,484942620,1524 Lakewood Gardens Terrace,Sungairaya
706,Livetube,Vegan,409167942,2247 Lunder Lane,Zelenogorsk
707,Jayo,Meat,961639929,109 Kings Plaza,Santa Bernardina
708,Youbridge,Israeli,761014270,2 Forest Dale Place,Czarna
709,Feedfire,Vegan,994661390,99 Pond Street,Al Nashmah
710,Thoughtbridge,Korean,510332114,7479 Arapahoe Plaza,Nardaran
711,Topicstorm,Dairy,157494791,970 Summer Ridge Way,Koubia
712,Meetz,Israeli,146448695,46655 Texas Trail,Khyzy
713,Aivee,Mexican,897935118,1072 Warrior Terrace,Utara
714,Twitterworks,Dairy,960061443,9566 Main Junction,Ýdra
715,Eamia,Asian,198623740,67 Manitowish Park,Nancun
716,Brainverse,Meat,470319712,68451 Dapin Circle,Pontevedra
717,Geba,Meat,982704346,308 Kropf Plaza,Qaţanah
718,Realbridge,Meat,935395974,36523 Miller Plaza,Zyukayka
719,Kazu,Mexican,493401728,8630 Norway Maple Terrace,Ḩājjīābād
720,Centidel,Italian,558370880,4103 Oxford Drive,Gunziying
721,BlogXS,Korean,450039640,3797 Buell Court,Wanglian
722,Oba,Vegan,487629462,5 Prairie Rose Point,Jinbo
723,Voonte,Korean,936656795,456 New Castle Drive,Battung
724,Quinu,Korean,422836833,408 Loftsgordon Pass,Weiwangzhuang
725,Abata,Meat,914396083,7 Tennessee Crossing,Kafr Zaytā
726,Feedfire,Mexican,166793050,1 Forster Park,Labangka Satu
727,Feedbug,Korean,347014616,5478 Sommers Junction,Chuangwang
728,Agimba,Asian,349552102,6440 Northview Trail,Dongkeng
729,Gigabox,Italian,517859574,49 Twin Pines Park,Barueri
730,Flashpoint,Mexican,881797541,03 Canary Court,Dulles
731,Babbleset,Vegan,105929023,4428 Bayside Crossing,Sijihong
732,Kaymbo,Israeli,930250547,7030 Forest Court,Tongqing
733,Divape,Vegan,494367937,37113 Northland Place,Qiubin
734,Yacero,Asian,429660355,9182 Dunning Circle,Vryburg
735,Skilith,Mediterranean,275744380,44281 Melby Avenue,Bajera
736,Flipbug,Mexican,420290622,715 Del Mar Crossing,Tambobamba
737,Layo,Dairy,474071336,105 Orin Plaza,Ji’ergele Teguoleng
738,Dynabox,Korean,147477707,3 Artisan Street,São Gonçalo do Amarante
739,Youspan,Mexican,281950818,66387 Petterle Point,Saint Cloud
740,Brainbox,Mexican,548481122,44 American Trail,Castanheira
741,Zoomzone,Asian,335342196,5396 Summer Ridge Pass,El Cairo
742,Voonix,Asian,754330835,19 7th Way,Casais de Revelhos
743,Abata,Italian,683856813,48 Clarendon Way,Scholkine
744,Edgeify,Vegan,577375985,1226 Welch Street,Ash Shiḩr
745,Bluejam,Mediterranean,634659934,2 Marquette Point,Maymana
746,Skyvu,Italian,349202587,6 Hoffman Avenue,Pouzauges
747,Skynoodle,Israeli,773098946,47295 Hayes Avenue,Strachówka
748,Jaxnation,Korean,499870438,8 Autumn Leaf Way,Strelka
749,Wordtune,Dairy,587059238,90 Hoepker Parkway,Shoushan
750,Twinte,Israeli,631325112,3 La Follette Crossing,Jiapeng
751,Eayo,Asian,523093435,4442 Welch Lane,Niono
752,Myworks,Vegan,815195226,7234 Mosinee Road,Mekarsari
753,Brightbean,Israeli,960089724,8 Fallview Way,Kaliuling
754,Rhynoodle,Korean,697311144,148 Springs Road,Donghai
755,Zoomdog,Israeli,321335391,48 Bobwhite Parkway,Yiwa
756,Jaxbean,Mexican,523553790,86 Golf View Place,Dondar Quşçu
757,Oba,Korean,439624837,17 Boyd Center,Aminga
758,Meeveo,Vegan,183325841,3070 Mcbride Circle,Ongi
759,Trunyx,Meat,444956957,67 Harper Park,Szamotuły
760,Jayo,Korean,938876258,023 Ohio Hill,Pangpang
761,Lajo,Vegan,171106479,27618 Raven Point,Moreno
762,Skimia,Asian,392704286,51 Dixon Junction,Kōnosu
763,Plajo,Korean,964148826,06 Pankratz Point,Shentang
764,Dabshots,Dairy,745773675,4 Shelley Terrace,Monte Francisco
765,Eare,Meat,983579400,34502 Vahlen Way,Jiangxi
766,Kwilith,Asian,488717476,34546 Maryland Avenue,Leżajsk
767,Zooveo,Dairy,279952297,890 Leroy Court,Wubao
768,Thoughtmix,Mediterranean,671008815,9 Parkside Park,Santo Tomas
769,Blogtags,Vegan,900270581,39 Iowa Street,Enschede
770,Zoomcast,Mexican,469463102,6554 Ronald Regan Avenue,Soufrière
771,Zoomzone,Meat,562510107,60 Merchant Pass,Gaoxing
772,Quimm,Meat,767439330,26 Maple Wood Crossing,Seren
773,JumpXS,Israeli,164838523,7616 Continental Road,Đắk Song
774,Mycat,Vegan,733226660,7983 Truax Alley,Khorramābād
775,Oyondu,Mexican,149890128,785 Moulton Lane,Taoyuan
776,Pixope,Israeli,979879544,04759 Doe Crossing Parkway,Al Baqāliţah
777,Demivee,Asian,620859124,23 Amoth Point,Sibagat
778,Leexo,Mediterranean,781167529,294 Cordelia Center,Chanika
779,Linkbridge,Dairy,927085482,067 Schlimgen Place,Kuncen
780,Kaymbo,Korean,369461586,172 Lawn Road,Weekombaka
781,Flashset,Korean,230405840,8 Gerald Trail,Stod
782,Twimbo,Korean,987052377,3 Luster Circle,Tamamura
783,Wikizz,Italian,269897957,1 Morning Pass,Olenyok
784,Avavee,Italian,295829989,1916 Arkansas Point,Cabo de Vila
785,Mybuzz,Asian,241951690,87124 Melrose Road,Skellefteå
786,Riffpath,Asian,965061815,51 Tony Crossing,Sorong
787,Trilith,Italian,797837146,6 Jackson Court,Fendou
788,Gigabox,Meat,586496707,12837 Ohio Plaza,Srabah
789,Fanoodle,Italian,462849018,9204 Roth Place,Nāḩiyat Baḩār
790,Tekfly,Asian,423364400,4 Columbus Way,Guankou
791,Topdrive,Meat,316528164,55 Lawn Point,Mojorejo
792,Flashdog,Meat,603311370,9 Roxbury Road,Dehang
793,Dazzlesphere,Italian,834082818,749 Mallard Crossing,Sherwood Park
794,Nlounge,Mexican,844355399,3370 Shelley Parkway,Chadian
795,Voomm,Asian,707207119,71450 Troy Place,Shangkuli
796,Wordware,Korean,170305108,0 Hoard Court,Niulanshan
797,Vinte,Meat,652286641,2332 Gateway Avenue,Montpellier
798,Wikizz,Italian,760659071,4 Cottonwood Court,Al Aḩmadī
799,Mydo,Mexican,408929725,736 5th Place,Siheyuan
800,Browsedrive,Vegan,767520561,591 Eagle Crest Circle,Zhujiang
801,Oyonder,Korean,164396341,1 Old Gate Plaza,Bugang
802,Feedfish,Mediterranean,304035061,81 Maryland Place,Nangang
803,Oyoloo,Israeli,510616413,4 Rieder Hill,Balitai
804,Quire,Korean,485216711,991 Michigan Terrace,'s-Hertogenbosch
805,Devpulse,Meat,973945132,1 Huxley Point,Santa Bárbara
806,Skimia,Dairy,480080727,73573 Gina Terrace,Quanjiang
807,Demizz,Meat,194710358,9 Elgar Alley,Cibaregbeg
808,Linkbridge,Italian,154449527,8774 Bowman Point,Wiset Chaichan
809,Oozz,Dairy,207371534,4 Manufacturers Crossing,Geneng Tengah
810,Mydo,Asian,340671624,4 Stang Street,Krajan Menggare
811,Trunyx,Dairy,693862469,44928 Monica Way,Limbaan
812,Cogilith,Mexican,383108205,6123 Waubesa Park,Wanjia
813,Yadel,Asian,348531843,4 Monterey Street,Masḩah
814,Rhyzio,Mexican,309910110,3 Macpherson Parkway,Tayzhina
815,Cogibox,Italian,775255012,0 Eliot Parkway,Kosamphi Nakhon
816,Babblestorm,Vegan,493079284,60 Lunder Point,Xiahan
817,InnoZ,Mexican,329323786,06120 Twin Pines Way,Bulianhe
818,Brainlounge,Italian,704351411,88 Rockefeller Avenue,Gokwe
819,Npath,Vegan,609479529,8760 Village Green Place,Kerbuyan
820,Yambee,Mediterranean,266151651,61625 Morningstar Pass,Podhum
821,Lazzy,Israeli,320063410,1 Gateway Park,Porto Velho
822,Blogtags,Mediterranean,301338298,8 Warbler Pass,Crnilište
823,Flashpoint,Italian,572817528,63 Sutherland Junction,Staroderevyankovskaya
824,Yodel,Italian,485222799,7 Westend Drive,Cayambe
825,Twimbo,Vegan,535912336,86 Independence Plaza,Abreus
826,Quaxo,Mediterranean,736527608,80954 Mosinee Junction,Jiaoba
827,Wordtune,Korean,452878079,508 4th Trail,Novozybkov
828,Feedspan,Asian,880827515,83060 Texas Hill,Elbasan
829,Teklist,Dairy,128364444,17628 Washington Point,Xindeng
830,Centizu,Dairy,134162014,4 Derek Alley,Banī Khaddāsh
831,Ailane,Mediterranean,557583306,1 Sullivan Road,Kristinehamn
832,Twitterbridge,Italian,343975404,33409 Shoshone Trail,Mesa
833,Zooveo,Mediterranean,551645981,047 Forest Run Parkway,Campo Maior
834,Photobean,Mediterranean,126647326,4471 Manitowish Alley,Haylaastay
835,Flipbug,Meat,308058677,0972 Crescent Oaks Circle,Zarqa
836,Shuffledrive,Mediterranean,196116868,34 Gateway Trail,Darmasari
837,Zava,Mexican,637737257,09 Starling Trail,La Victoria
838,Wordify,Mediterranean,501875046,835 Fair Oaks Circle,Le Lamentin
839,DabZ,Mediterranean,494194599,3037 Schlimgen Avenue,Paris 06
840,Kare,Mexican,783131394,3 Boyd Lane,Levoberezhnaya
841,Blogpad,Israeli,732163065,5 Del Mar Crossing,Roa
842,Jazzy,Mediterranean,898932421,4391 Springs Road,Schellenberg
843,Zoonder,Meat,755985012,1092 Florence Place,Atães
844,Vitz,Korean,204772747,8448 Larry Crossing,Coronel
845,Rhyzio,Meat,922934077,83403 Elgar Drive,Xuân Trường
846,Skinix,Mexican,603690964,91 Amoth Junction,Yunxi
847,Meedoo,Mexican,874312018,4 Express Avenue,Óbidos
848,Twimm,Italian,205412330,1 Doe Crossing Park,Kutampi
849,Dabjam,Italian,441801195,9 Redwing Avenue,Moutfort
850,Flipopia,Korean,959675006,85058 Stephen Plaza,Öndörhoshuu
851,Tanoodle,Italian,250264589,1 Sage Place,Caramanta
852,Vitz,Dairy,690361336,33 Eggendart Lane,Bringinanom
853,LiveZ,Korean,263267262,7 Heath Plaza,Sanqiao
854,Voonder,Meat,301603589,7700 Pleasure Street,Sobral
855,Skibox,Mediterranean,856511096,68217 Fuller Pass,São Bento
856,Avaveo,Asian,142911726,34611 Commercial Plaza,San Miguel
857,Devpoint,Mexican,405052687,906 Meadow Valley Crossing,Polepy
858,Edgeclub,Mediterranean,910171280,19 Anzinger Parkway,Kodamachō-kodamaminami
859,Zoomdog,Meat,273571885,02701 Bluejay Parkway,Ḩalḩūl
860,Wikibox,Dairy,232568063,8 Bluestem Street,Cartago
861,Skyvu,Mediterranean,925020153,2 Cordelia Avenue,El Nido
862,Fiveclub,Dairy,577098782,6 Anderson Court,Amānzī
863,Skalith,Italian,927536411,70 Sloan Center,Zaria
864,Kazio,Mediterranean,796612688,71873 Almo Junction,Dois Córregos
865,Skyvu,Korean,960689220,77 Meadow Ridge Parkway,Weihe
866,Quire,Italian,620612533,2 Sachs Junction,Ganjur
867,Shufflebeat,Dairy,970976916,378 Morning Terrace,Santo Tomé
868,Feednation,Dairy,887732551,8871 Annamark Lane,Jiuxian
869,Photobug,Mediterranean,315809957,5 Maple Parkway,Birzai
870,Tekfly,Asian,542870023,9 7th Way,Lindi
871,Blogtags,Asian,531009425,6 High Crossing Crossing,Kasreman
872,Photobug,Asian,575541151,34050 Cardinal Center,Belmopan
873,Rhyzio,Mediterranean,698888243,3 Thompson Junction,Palangan
874,Skippad,Mediterranean,986240658,62 Hooker Street,Weiyang
875,Tagpad,Meat,354634487,574 Huxley Parkway,Seulimeum
876,Yozio,Vegan,946164780,38468 Bunker Hill Court,Capinzal
877,Meevee,Asian,118492549,887 Roxbury Pass,Kolpny
878,Voolia,Korean,666531231,9233 Dahle Trail,Tan Sum
879,Janyx,Mexican,707692541,06 Fuller Point,La Paz de Oriente
880,Dabtype,Mediterranean,152341252,805 Anniversary Avenue,Dolores
881,Skyba,Asian,108515438,60385 Sutteridge Court,Chico
882,Fadeo,Mexican,662209423,53685 Pankratz Circle,Misau
883,Innotype,Dairy,694854775,2 6th Alley,Alkmaar
884,Skidoo,Meat,373278246,4 Sloan Parkway,Changjiangbu
885,Blogtags,Korean,723496117,19517 Golf Course Trail,Lengkongbarang
886,Meetz,Mediterranean,992257455,9827 Schurz Terrace,Tsumeb
887,Wikibox,Meat,504049877,476 Crownhardt Way,Bilyayivka
888,Muxo,Italian,538760542,7 Eagan Trail,Saint-Leu-la-Forêt
889,Buzzbean,Vegan,509467480,9147 Knutson Crossing,Markala
890,Topicblab,Mexican,986266506,998 Beilfuss Point,Xinjiezi
891,Skivee,Vegan,746202278,6318 Canary Junction,Boneng
892,Tagopia,Dairy,943072948,2 Darwin Street,Khadzhalmakhi
893,Innojam,Mexican,287428157,48209 Almo Circle,Visby
894,Teklist,Mexican,947329209,3410 Fieldstone Center,Buganda
895,Thoughtstorm,Vegan,696528822,1 Fisk Avenue,Kadubadak
896,Teklist,Korean,983131711,55 Bluestem Plaza,Sidem
897,Voonix,Mediterranean,165271984,34 Karstens Way,Kokas
898,Photobug,Mexican,544874708,810 Forster Parkway,Jadów
899,Meezzy,Meat,886177498,63 Lindbergh Trail,Kuala Bhee
900,Jabberbean,Mediterranean,539258253,2997 Erie Junction,Almeria
901,Bubblebox,Dairy,672762224,0437 Dunning Parkway,Az Zawr
902,Shufflester,Korean,756106540,766 Scofield Hill,Jiujianfang
903,Lajo,Israeli,527216402,57901 Mendota Parkway,Yajiang
904,Tagcat,Meat,575145028,476 Manley Lane,Xinglong
905,Fivebridge,Meat,271523749,2 Arrowood Place,Velký Újezd
906,Yakijo,Italian,110983770,46 Basil Lane,La Paz
907,Katz,Italian,949327462,8 Brentwood Street,Xiapu
908,Podcat,Dairy,283408434,6 Russell Terrace,Łobez
909,Youopia,Dairy,670244957,5 Luster Street,Tobelo
910,Topiczoom,Korean,217264928,0392 Mallard Terrace,Corujeira
911,Yakitri,Meat,618821996,93 Graceland Parkway,Salt Lake City
912,Tagtune,Mexican,202288085,371 4th Parkway,Chongkan
913,Eazzy,Mexican,170750965,5118 Carpenter Drive,Krasnogvardeyets
914,Realfire,Israeli,497098916,9 Quincy Street,Lokea
915,Twitterbridge,Meat,387121033,70 Hagan Park,Deán Funes
916,Realbridge,Mediterranean,789595330,74551 Monica Center,Oslo
917,Jabbercube,Mediterranean,395839506,7 Becker Road,Totness
918,Livetube,Mexican,888308398,2 Hoard Center,Lófos
919,Twitterworks,Mexican,596282978,474 Jay Avenue,Hexi
920,Yadel,Vegan,853777020,1737 Roxbury Park,Lyon
921,Abata,Mediterranean,472293168,7 Welch Avenue,Wuquan
922,Meevee,Mexican,138096343,449 Claremont Road,Simenqian
923,Topiclounge,Mediterranean,818000811,16 Waubesa Alley,Yahe
924,Zoomcast,Meat,472521488,24759 Gina Way,Jinghong
925,Jabbertype,Italian,501112406,028 Longview Park,Huochezhan
926,Camimbo,Asian,844738297,6226 Bluestem Crossing,Schieren
927,Talane,Meat,199030949,45788 Schlimgen Pass,Esperanza
928,Chatterpoint,Italian,832271952,0713 Monica Lane,Ambanja
929,Meezzy,Asian,550768800,2 Lakewood Gardens Street,Tōkamachi
930,Nlounge,Mediterranean,734525739,4317 Milwaukee Court,Shangma
931,Zoomcast,Asian,665530489,59 Scofield Park,Denver
932,Buzzster,Italian,251526988,12 Esker Park,Stare Pole
933,Innotype,Vegan,646520552,7 Hauk Avenue,Huangsha
934,Oyope,Mediterranean,109145323,384 Ridgeview Park,San José de La Montaña
935,Jazzy,Korean,761599087,516 Loeprich Park,Heling
936,Livefish,Korean,581100448,088 Fremont Hill,Khonj
937,Rhycero,Mediterranean,943285578,08298 Bonner Terrace,Jiujie
938,Wordtune,Korean,369783572,47956 Anzinger Road,Melville
939,Voolith,Italian,376263892,5 Cardinal Avenue,Chimbas
940,Omba,Mediterranean,990267107,983 Golden Leaf Avenue,Oslo
941,Devify,Korean,995748825,9341 Pankratz Drive,Youghal
942,Voolith,Asian,511078986,878 Mariners Cove Point,Pingfeng
943,Edgetag,Meat,828897370,84 Marquette Circle,Famatina
944,Riffpath,Israeli,701838932,169 Meadow Ridge Junction,Baiyashi
945,Dabtype,Asian,502015050,743 Lakewood Gardens Lane,Tieling
946,Zooveo,Meat,313168833,51876 Maryland Parkway,Shipu
947,Gabcube,Mediterranean,249571870,66949 Pennsylvania Avenue,Markópoulo
948,Jabbertype,Israeli,245174015,77 West Drive,Xarsingma
949,Edgeblab,Italian,579819728,086 Dwight Avenue,Xiangshui
950,Wikizz,Israeli,405670460,25601 Florence Lane,Pichilemu
951,Tagfeed,Mexican,517202236,281 Spaight Plaza,Kongjiafang
952,Bubblemix,Korean,493019014,640 Scofield Plaza,Pryazha
953,Browsetype,Meat,359070644,545 Drewry Hill,Longgao
954,Kare,Korean,510915322,088 Roth Crossing,Quince Mil
955,Realcube,Korean,710184908,19013 Mayfield Lane,Buur Gaabo
956,Kazu,Vegan,336123338,17 Prairie Rose Trail,Cruz Alta
957,Quatz,Mexican,906951278,9536 Anthes Plaza,Jistebník
958,Voonix,Mexican,495326006,295 Ohio Way,Dolní Černilov
959,Abata,Dairy,936368410,44625 Express Alley,Almere Haven
960,Teklist,Korean,341365357,5289 Sutteridge Terrace,Manta
961,Kazio,Korean,492103501,1131 Moulton Parkway,Sendangagung
962,Mydo,Dairy,537349948,6 Columbus Trail,Krajan Tengah
963,Mynte,Vegan,574519056,8591 Pine View Street,Hässleholm
964,Mydo,Meat,870501476,32 Ronald Regan Way,Fengmu
965,Npath,Israeli,479830248,2 Spenser Park,Tamboril
966,Tagopia,Italian,191462382,58 Calypso Circle,Aygepat
967,Centizu,Mexican,103883353,998 Superior Avenue,Jalpatagua
968,Divape,Korean,646748504,032 Hintze Drive,Nubma
969,Tagfeed,Israeli,247771898,7 Schlimgen Junction,Colquechaca
970,Zazio,Dairy,155576404,8 Derek Parkway,Ichinoseki
971,Realbridge,Mediterranean,126457573,98480 West Crossing,Strumica
972,Skibox,Mediterranean,925251628,5 Autumn Leaf Alley,Juan N Alvarez
973,Zoombox,Meat,190273467,7567 Vernon Circle,Cikembang
974,Mymm,Mediterranean,930611889,85636 Sutherland Terrace,Kunwi
975,Topicstorm,Vegan,624668182,1 Crest Line Street,Bukavu
976,Dabvine,Dairy,908965815,9129 Warbler Street,Al Bāriqīyah
977,Flashdog,Meat,337186505,4 Rigney Court,Unidad
978,Skyndu,Dairy,866332218,9 Rowland Park,Frederico Westphalen
979,Jaxworks,Asian,563891331,5 Mariners Cove Avenue,Linhares
980,Yamia,Asian,134843539,6 Waubesa Way,Martin
981,Twitternation,Mexican,425512687,9 American Ash Park,Thành Phố Uông Bí
982,Lajo,Korean,863844111,663 Center Junction,Berlin
983,Tekfly,Korean,364098364,928 Shopko Pass,Karbunara e Vogël
984,Ntag,Meat,998916401,60 Schmedeman Way,Ōkuchi
985,Oyonder,Meat,135837939,81520 Memorial Center,Donnybrook
986,Jaxworks,Mexican,641397017,12 Arizona Plaza,Bherāmāra
987,Centizu,Mediterranean,823425031,8 Jana Street,Poniklá
988,Edgeclub,Mexican,170658345,10219 Dawn Trail,Jinshan
989,Trilith,Korean,413644764,312 Forest Hill,Ilaya
990,Yakidoo,Mediterranean,553802722,77500 Thackeray Junction,Twante
991,Lazzy,Korean,645053389,8 Butternut Crossing,Voznesenskaya
992,Wordware,Asian,377594990,697 Hanson Trail,Ipiaú
993,Vinder,Korean,486297024,9 Talmadge Alley,Menampukrajan
994,Browsebug,Israeli,491230862,4 Corry Pass,Jingshan
995,Mymm,Vegan,254775422,19588 Hoard Road,Potoru
996,Brightbean,Korean,787314225,78198 Cascade Street,Layog
997,Rhyloo,Meat,290525469,6271 Heffernan Pass,Kota Bharu
998,Zoombox,Israeli,303245794,29 Kedzie Trail,Berendeyevo
999,Omba,Mexican,507594032,23 Shelley Junction,Bang Nam Priao
1000,Yodoo,Israeli,462331311,8974 Farmco Trail,Messina
