DiscountID,country,percent
1,China,9
2,China,41
3,France,22
4,Japan,17
5,Brazil,5
6,Canada,38
7,Canada,27
8,Brazil,30
9,China,28
10,China,4
11,China,30
12,Canada,4
13,Canada,32
14,China,50
15,China,46
16,China,19
17,China,25
18,Brazil,1
19,China,7
20,United States,9
21,China,44
22,France,47
23,Brazil,46
24,China,47
25,Brazil,25
26,China,22
27,Brazil,3
28,Brazil,42
29,Japan,39
30,China,33
31,China,29
32,China,50
33,Japan,12
34,China,13
35,United States,20
36,Brazil,2
37,France,28
38,China,33
39,China,32
40,United States,36
41,China,20
42,China,39
43,China,32
44,Brazil,7
45,China,37
46,Canada,37
47,United States,35
48,China,15
49,Canada,11
50,Japan,43
51,China,12
52,France,10
53,China,4
54,China,50
55,Japan,37
56,China,20
57,Brazil,33
58,China,7
59,China,38
60,Brazil,13
61,China,11
62,China,21
63,China,21
64,Brazil,22
65,Israel,44
66,China,7
67,China,34
68,Brazil,50
69,France,5
70,China,31
71,China,25
72,France,33
73,China,29
74,China,2
75,Brazil,24
76,China,7
77,Brazil,9
78,China,35
79,China,34
80,China,50
81,China,17
82,China,44
83,France,20
84,China,13
85,China,27
86,China,11
87,Israel,9
88,China,17
89,Brazil,29
90,United States,16
91,China,23
92,China,43
93,France,17
94,China,41
95,China,17
96,Brazil,18
97,France,22
98,China,1
99,China,39
100,Canada,6
101,China,31
102,China,37
103,United States,22
104,China,1
105,China,8
106,China,22
107,China,11
108,France,48
109,China,46
110,China,35
111,China,34
112,France,44
113,China,21
114,China,45
115,France,46
116,China,19
117,China,45
118,China,21
119,United States,46
120,China,41
121,Brazil,1
122,China,41
123,China,40
124,China,27
125,China,42
126,China,34
127,Germany,41
128,China,3
129,China,7
130,China,19
131,China,20
132,China,3
133,Japan,37
134,China,35
135,China,24
136,China,5
137,China,6
138,Brazil,43
139,China,25
140,China,37
141,France,36
142,Brazil,23
143,United States,6
144,China,41
145,China,26
146,China,30
147,Brazil,46
148,China,23
149,Germany,37
150,Japan,6
151,Canada,13
152,China,40
153,Brazil,38
154,China,40
155,China,3
156,France,41
157,China,48
158,China,25
159,China,24
160,Germany,3
161,Brazil,39
162,Israel,21
163,China,13
164,China,6
165,Brazil,32
166,China,14
167,Brazil,25
168,China,31
169,China,38
170,United States,47
171,France,6
172,Brazil,48
173,China,50
174,Brazil,9
175,China,28
176,China,30
177,Brazil,5
178,China,48
179,China,48
180,United States,37
181,Japan,26
182,United States,15
183,China,29
184,China,12
185,France,27
186,China,24
187,China,1
188,China,31
189,China,11
190,Brazil,38
191,China,14
192,China,4
193,China,30
194,Australia,1
195,China,28
196,China,47
197,China,5
198,China,18
199,China,36
200,China,31
201,China,6
202,Japan,30
203,United States,31
204,China,43
205,China,35
206,China,22
207,China,12
208,China,49
209,China,21
210,China,42
211,China,8
212,Brazil,28
213,China,20
214,China,29
215,France,43
216,Brazil,41
217,China,13
218,Brazil,49
219,China,13
220,France,6
221,China,28
222,China,30
223,France,11
224,China,18
225,China,48
226,Brazil,10
227,China,47
228,China,16
229,China,50
230,China,50
231,United States,6
232,China,26
233,France,11
234,China,1
235,China,49
236,China,6
237,China,47
238,France,19
239,Canada,47
240,Japan,13
241,China,3
242,United States,24
243,China,15
244,Brazil,43
245,China,10
246,China,35
247,China,33
248,China,27
249,China,2
250,China,46
251,United States,20
252,China,48
253,China,32
254,China,13
255,Israel,12
256,China,47
257,China,40
258,China,20
259,Israel,33
260,China,16
261,France,17
262,Israel,28
263,China,20
264,Brazil,24
265,France,20
266,China,34
267,China,28
268,China,16
269,China,31
270,China,36
271,China,33
272,China,46
273,Brazil,8
274,China,48
275,United States,40
276,United States,36
277,China,32
278,France,21
279,China,4
280,China,50
281,United States,49
282,Canada,33
283,Brazil,46
284,China,39
285,Brazil,37
286,China,18
287,China,42
288,China,2
289,China,13
290,China,32
291,China,18
292,China,20
293,China,29
294,Canada,16
295,China,37
296,Brazil,10
297,Brazil,2
298,China,6
299,China,28
300,Japan,1
301,China,8
302,China,28
303,Japan,17
304,China,17
305,China,5
306,China,34
307,China,35
308,United States,1
309,China,15
310,China,21
311,Brazil,50
312,China,46
313,China,5
314,China,1
315,China,27
316,France,32
317,China,22
318,China,44
319,China,34
320,Brazil,39
321,Brazil,37
322,China,22
323,China,23
324,China,7
325,Japan,12
326,Australia,19
327,China,39
328,Japan,1
329,China,8
330,China,41
331,United States,35
332,China,27
333,Canada,1
334,China,48
335,China,8
336,Spain,48
337,China,7
338,United States,29
339,United States,42
340,Brazil,28
341,China,27
342,China,6
343,United States,22
344,Brazil,14
345,France,44
346,France,9
347,Japan,4
348,France,43
349,Canada,46
350,France,40
351,Brazil,39
352,Japan,17
353,China,19
354,Brazil,11
355,China,35
356,Brazil,5
357,China,18
358,Brazil,20
359,China,9
360,China,35
361,China,34
362,China,34
363,China,34
364,China,16
365,Brazil,29
366,China,32
367,China,23
368,China,20
369,China,31
370,Brazil,38
371,China,35
372,Brazil,8
373,China,29
374,China,24
375,China,29
376,China,6
377,China,7
378,China,36
379,Israel,46
380,China,17
381,Brazil,21
382,China,31
383,China,12
384,France,25
385,United States,30
386,France,40
387,China,43
388,France,15
389,China,33
390,China,41
391,China,16
392,Brazil,7
393,United States,32
394,China,25
395,China,15
396,China,32
397,China,43
398,China,50
399,China,3
400,China,42
401,Germany,29
402,China,3
403,China,35
404,China,14
405,China,41
406,France,29
407,Canada,19
408,Germany,29
409,Brazil,36
410,China,27
411,China,23
412,China,17
413,China,22
414,China,20
415,China,31
416,Japan,8
417,China,9
418,China,8
419,China,41
420,Brazil,30
421,France,34
422,China,11
423,China,23
424,Brazil,6
425,China,49
426,China,14
427,China,20
428,China,28
429,China,12
430,Canada,36
431,China,45
432,China,29
433,China,39
434,France,40
435,Japan,30
436,France,16
437,Japan,50
438,China,30
439,Germany,34
440,China,4
441,Canada,9
442,China,45
443,France,2
444,China,22
445,Japan,47
446,China,44
447,China,25
448,Japan,11
449,Canada,30
450,China,42
451,Brazil,14
452,France,40
453,France,26
454,China,10
455,Brazil,24
456,China,31
457,France,15
458,China,1
459,China,3
460,China,23
461,China,21
462,Brazil,42
463,Brazil,50
464,China,1
465,Canada,34
466,Germany,44
467,Italy,32
468,Canada,1
469,United States,14
470,China,49
471,Brazil,41
472,Japan,1
473,China,49
474,China,21
475,France,31
476,China,26
477,United States,4
478,Brazil,42
479,China,34
480,United States,47
481,Brazil,38
482,China,2
483,Italy,10
484,China,31
485,China,33
486,China,4
487,Japan,18
488,China,28
489,France,24
490,Canada,19
491,France,16
492,United States,48
493,China,14
494,France,4
495,China,25
496,Japan,22
497,China,23
498,China,35
499,France,24
500,China,12
501,China,16
502,Japan,44
503,China,24
504,China,46
505,China,32
506,China,17
507,China,50
508,China,43
509,France,22
510,China,12
511,China,40
512,China,35
513,France,24
514,Canada,5
515,China,27
516,Japan,27
517,China,29
518,China,28
519,United States,49
520,China,37
521,China,42
522,Canada,17
523,Brazil,46
524,China,6
525,China,15
526,Brazil,48
527,France,31
528,Brazil,16
529,Brazil,26
530,China,47
531,France,14
532,United States,42
533,China,47
534,China,34
535,China,3
536,China,27
537,China,42
538,China,13
539,China,21
540,China,12
541,China,19
542,Brazil,24
543,China,13
544,Canada,8
545,China,30
546,China,48
547,China,33
548,China,20
549,China,38
550,China,38
551,Brazil,41
552,Japan,32
553,Japan,27
554,China,18
555,Canada,5
556,China,30
557,China,46
558,France,7
559,France,10
560,China,20
561,United States,1
562,China,16
563,China,5
564,Brazil,2
565,China,46
566,China,49
567,United States,42
568,China,49
569,China,22
570,France,2
571,China,46
572,Canada,15
573,China,23
574,Japan,25
575,China,16
576,France,29
577,China,21
578,China,22
579,China,32
580,Japan,48
581,China,31
582,Brazil,47
583,China,37
584,China,36
585,China,19
586,Brazil,16
587,Brazil,7
588,China,35
589,China,9
590,China,18
591,France,11
592,China,42
593,China,15
594,China,31
595,China,39
596,China,39
597,Germany,34
598,China,32
599,United States,16
600,China,40
601,United States,21
602,Brazil,37
603,Brazil,11
604,United States,33
605,China,32
606,China,4
607,Brazil,28
608,United States,35
609,China,24
610,China,26
611,China,4
612,China,28
613,China,25
614,France,40
615,China,29
616,China,20
617,France,33
618,China,43
619,China,5
620,United States,44
621,China,33
622,France,6
623,Brazil,46
624,France,4
625,China,2
626,Brazil,32
627,China,13
628,China,20
629,China,18
630,France,28
631,France,1
632,China,48
633,United States,13
634,China,11
635,France,8
636,Brazil,29
637,Brazil,40
638,China,1
639,China,37
640,China,2
641,Japan,38
642,China,42
643,China,26
644,China,39
645,China,18
646,China,19
647,France,50
648,Japan,40
649,China,48
650,China,21
651,Japan,14
652,China,32
653,China,2
654,China,14
655,China,30
656,Spain,13
657,China,36
658,United States,7
659,Japan,26
660,China,31
661,Brazil,3
662,China,29
663,China,43
664,China,25
665,Canada,25
666,China,37
667,Brazil,2
668,China,3
669,China,8
670,Brazil,29
671,Japan,15
672,China,24
673,United States,29
674,United States,15
675,China,37
676,United States,16
677,France,25
678,Germany,4
679,France,37
680,China,12
681,China,14
682,China,27
683,China,14
684,China,4
685,China,32
686,China,5
687,China,47
688,Spain,34
689,Canada,2
690,France,47
691,China,19
692,China,21
693,China,38
694,China,38
695,United States,27
696,China,38
697,China,36
698,China,31
699,China,35
700,China,2
701,China,50
702,China,31
703,China,31
704,United States,7
705,Brazil,47
706,China,2
707,France,3
708,China,3
709,China,14
710,Brazil,1
711,Japan,46
712,China,18
713,Japan,45
714,Japan,50
715,China,12
716,Japan,6
717,United States,28
718,Japan,16
719,France,27
720,France,1
721,United States,46
722,China,44
723,China,32
724,Japan,48
725,China,44
726,China,41
727,United States,11
728,China,35
729,United States,30
730,China,36
731,China,21
732,Japan,49
733,China,45
734,China,26
735,China,28
736,China,18
737,Japan,9
738,China,31
739,China,4
740,China,14
741,China,2
742,China,22
743,China,15
744,China,11
745,Brazil,41
746,France,39
747,China,6
748,Japan,23
749,China,44
750,Brazil,11
751,Brazil,12
752,China,33
753,China,5
754,China,26
755,China,10
756,France,16
757,United States,15
758,China,19
759,China,2
760,China,40
761,United States,14
762,Brazil,28
763,China,9
764,Canada,14
765,China,10
766,France,43
767,Japan,22
768,China,5
769,Brazil,17
770,China,10
771,China,27
772,China,25
773,China,23
774,United States,37
775,China,3
776,China,29
777,China,24
778,Japan,40
779,Brazil,12
780,China,15
781,China,25
782,Brazil,40
783,China,50
784,China,4
785,China,12
786,Israel,24
787,Spain,18
788,China,35
789,China,50
790,China,29
791,China,24
792,China,4
793,China,35
794,China,12
795,China,49
796,China,36
797,United States,15
798,Canada,17
799,China,36
800,China,31
801,Japan,2
802,China,41
803,China,7
804,China,12
805,Brazil,23
806,France,10
807,China,48
808,China,38
809,China,50
810,China,1
811,Brazil,11
812,China,18
813,China,26
814,United States,11
815,United States,12
816,China,11
817,China,4
818,Brazil,29
819,Brazil,2
820,Japan,27
821,Germany,39
822,China,38
823,Japan,39
824,China,21
825,China,35
826,China,4
827,China,27
828,China,45
829,China,4
830,United States,20
831,China,16
832,China,9
833,China,24
834,France,49
835,China,36
836,China,14
837,Brazil,3
838,China,26
839,Japan,27
840,United States,19
841,China,11
842,China,30
843,China,28
844,China,8
845,China,16
846,China,32
847,France,20
848,France,37
849,China,21
850,Japan,19
851,Brazil,41
852,China,6
853,Brazil,42
854,China,9
855,Canada,12
856,China,48
857,Brazil,19
858,China,48
859,China,48
860,China,41
861,China,15
862,Brazil,5
863,France,2
864,United States,37
865,China,1
866,China,44
867,Brazil,14
868,China,29
869,Brazil,17
870,China,49
871,France,9
872,Brazil,48
873,China,12
874,France,14
875,France,22
876,China,8
877,Japan,42
878,China,2
879,France,3
880,China,12
881,China,3
882,Japan,35
883,China,6
884,China,29
885,China,44
886,Brazil,35
887,China,26
888,China,8
889,China,2
890,China,27
891,China,50
892,China,2
893,France,2
894,China,45
895,China,6
896,Brazil,8
897,China,40
898,United States,12
899,Brazil,11
900,Japan,10
901,China,31
902,France,42
903,Japan,2
904,Brazil,13
905,Canada,3
906,China,49
907,Germany,3
908,France,24
909,France,2
910,China,29
911,China,33
912,France,40
913,China,5
914,Japan,27
915,United States,10
916,China,49
917,China,10
918,Canada,7
919,United States,48
920,Canada,15
921,China,19
922,China,21
923,China,15
924,China,5
925,France,34
926,United States,7
927,China,26
928,Japan,20
929,China,30
930,France,23
931,Canada,27
932,China,25
933,China,31
934,United States,7
935,China,49
936,France,32
937,China,33
938,China,2
939,China,30
940,China,14
941,United States,24
942,Brazil,10
943,France,25
944,Brazil,22
945,China,20
946,United States,29
947,China,38
948,France,30
949,China,29
950,China,22
951,China,48
952,China,42
953,Japan,14
954,China,44
955,France,39
956,Brazil,3
957,China,35
958,United States,2
959,Canada,28
960,Israel,6
961,Brazil,4
962,China,15
963,United States,23
964,China,5
965,Canada,7
966,United States,22
967,Brazil,27
968,China,36
969,Canada,8
970,Canada,20
971,United States,11
972,China,4
973,China,32
974,United States,38
975,Italy,38
976,United States,45
977,Germany,44
978,France,27
979,Germany,2
980,Brazil,22
981,China,12
982,China,1
983,China,35
984,China,26
985,Japan,21
986,China,27
987,China,11
988,China,42
989,China,1
990,Brazil,24
991,China,26
992,France,25
993,China,48
994,China,38
995,Canada,45
996,China,38
997,China,40
998,Brazil,32
999,China,20
1000,Germany,20
