CouponID,CouponCode,DiscountPercent,StartDate,EndDate,ProviderID
1,DISC1,17,2025-01-01,2025-12-31,87
2,DISC2,38,2025-01-01,2025-12-31,527
3,DISC3,14,2025-01-01,2025-12-31,421
4,DISC4,12,2025-01-01,2025-12-31,936
5,DISC5,36,2025-01-01,2025-12-31,8
6,DISC6,14,2025-01-01,2025-12-31,788
7,DISC7,47,2025-01-01,2025-12-31,257
8,DISC8,19,2025-01-01,2025-12-31,482
9,DISC9,30,2025-01-01,2025-12-31,384
10,DISC10,24,2025-01-01,2025-12-31,374
11,DISC11,32,2025-01-01,2025-12-31,914
12,DISC12,16,2025-01-01,2025-12-31,550
13,DISC13,22,2025-01-01,2025-12-31,112
14,DISC14,33,2025-01-01,2025-12-31,673
15,DISC15,33,2025-01-01,2025-12-31,166
16,DISC16,13,2025-01-01,2025-12-31,363
17,DISC17,32,2025-01-01,2025-12-31,6
18,DISC18,27,2025-01-01,2025-12-31,905
19,DISC19,50,2025-01-01,2025-12-31,204
20,DISC20,12,2025-01-01,2025-12-31,195
21,DISC21,23,2025-01-01,2025-12-31,42
22,DISC22,13,2025-01-01,2025-12-31,405
23,DISC23,31,2025-01-01,2025-12-31,762
24,DISC24,26,2025-01-01,2025-12-31,923
25,DISC25,7,2025-01-01,2025-12-31,165
26,DISC26,47,2025-01-01,2025-12-31,204
27,DISC27,35,2025-01-01,2025-12-31,983
28,DISC28,47,2025-01-01,2025-12-31,273
29,DISC29,12,2025-01-01,2025-12-31,432
30,DISC30,36,2025-01-01,2025-12-31,564
31,DISC31,36,2025-01-01,2025-12-31,820
32,DISC32,48,2025-01-01,2025-12-31,732
33,DISC33,13,2025-01-01,2025-12-31,333
34,DISC34,30,2025-01-01,2025-12-31,514
35,DISC35,29,2025-01-01,2025-12-31,135
36,DISC36,12,2025-01-01,2025-12-31,981
37,DISC37,11,2025-01-01,2025-12-31,812
38,DISC38,6,2025-01-01,2025-12-31,130
39,DISC39,14,2025-01-01,2025-12-31,353
40,DISC40,37,2025-01-01,2025-12-31,14
41,DISC41,48,2025-01-01,2025-12-31,243
42,DISC42,8,2025-01-01,2025-12-31,695
43,DISC43,26,2025-01-01,2025-12-31,440
44,DISC44,43,2025-01-01,2025-12-31,756
45,DISC45,5,2025-01-01,2025-12-31,445
46,DISC46,35,2025-01-01,2025-12-31,297
47,DISC47,23,2025-01-01,2025-12-31,498
48,DISC48,10,2025-01-01,2025-12-31,780
49,DISC49,32,2025-01-01,2025-12-31,254
50,DISC50,44,2025-01-01,2025-12-31,157
51,DISC51,37,2025-01-01,2025-12-31,192
52,DISC52,20,2025-01-01,2025-12-31,288
53,DISC53,12,2025-01-01,2025-12-31,885
54,DISC54,21,2025-01-01,2025-12-31,718
55,DISC55,20,2025-01-01,2025-12-31,683
56,DISC56,32,2025-01-01,2025-12-31,204
57,DISC57,35,2025-01-01,2025-12-31,724
58,DISC58,11,2025-01-01,2025-12-31,718
59,DISC59,37,2025-01-01,2025-12-31,626
60,DISC60,16,2025-01-01,2025-12-31,194
61,DISC61,42,2025-01-01,2025-12-31,645
62,DISC62,45,2025-01-01,2025-12-31,153
63,DISC63,19,2025-01-01,2025-12-31,124
64,DISC64,13,2025-01-01,2025-12-31,411
65,DISC65,7,2025-01-01,2025-12-31,281
66,DISC66,17,2025-01-01,2025-12-31,952
67,DISC67,14,2025-01-01,2025-12-31,437
68,DISC68,6,2025-01-01,2025-12-31,632
69,DISC69,17,2025-01-01,2025-12-31,94
70,DISC70,8,2025-01-01,2025-12-31,390
71,DISC71,31,2025-01-01,2025-12-31,538
72,DISC72,24,2025-01-01,2025-12-31,717
73,DISC73,45,2025-01-01,2025-12-31,237
74,DISC74,19,2025-01-01,2025-12-31,345
75,DISC75,32,2025-01-01,2025-12-31,491
76,DISC76,8,2025-01-01,2025-12-31,523
77,DISC77,32,2025-01-01,2025-12-31,660
78,DISC78,8,2025-01-01,2025-12-31,312
79,DISC79,12,2025-01-01,2025-12-31,276
80,DISC80,28,2025-01-01,2025-12-31,288
81,DISC81,27,2025-01-01,2025-12-31,729
82,DISC82,31,2025-01-01,2025-12-31,253
83,DISC83,25,2025-01-01,2025-12-31,917
84,DISC84,8,2025-01-01,2025-12-31,187
85,DISC85,7,2025-01-01,2025-12-31,1
86,DISC86,8,2025-01-01,2025-12-31,677
87,DISC87,25,2025-01-01,2025-12-31,218
88,DISC88,23,2025-01-01,2025-12-31,484
89,DISC89,22,2025-01-01,2025-12-31,931
90,DISC90,43,2025-01-01,2025-12-31,104
91,DISC91,32,2025-01-01,2025-12-31,190
92,DISC92,21,2025-01-01,2025-12-31,972
93,DISC93,36,2025-01-01,2025-12-31,373
94,DISC94,26,2025-01-01,2025-12-31,312
95,DISC95,12,2025-01-01,2025-12-31,100
96,DISC96,47,2025-01-01,2025-12-31,14
97,DISC97,48,2025-01-01,2025-12-31,566
98,DISC98,13,2025-01-01,2025-12-31,340
99,DISC99,28,2025-01-01,2025-12-31,760
100,DISC100,28,2025-01-01,2025-12-31,761
101,DISC101,42,2025-01-01,2025-12-31,542
102,DISC102,43,2025-01-01,2025-12-31,381
103,DISC103,20,2025-01-01,2025-12-31,666
104,DISC104,22,2025-01-01,2025-12-31,216
105,DISC105,42,2025-01-01,2025-12-31,394
106,DISC106,10,2025-01-01,2025-12-31,909
107,DISC107,11,2025-01-01,2025-12-31,134
108,DISC108,45,2025-01-01,2025-12-31,761
109,DISC109,43,2025-01-01,2025-12-31,124
110,DISC110,7,2025-01-01,2025-12-31,601
111,DISC111,46,2025-01-01,2025-12-31,838
112,DISC112,17,2025-01-01,2025-12-31,198
113,DISC113,50,2025-01-01,2025-12-31,457
114,DISC114,11,2025-01-01,2025-12-31,77
115,DISC115,39,2025-01-01,2025-12-31,634
116,DISC116,26,2025-01-01,2025-12-31,309
117,DISC117,35,2025-01-01,2025-12-31,780
118,DISC118,17,2025-01-01,2025-12-31,547
119,DISC119,14,2025-01-01,2025-12-31,45
120,DISC120,13,2025-01-01,2025-12-31,197
121,DISC121,31,2025-01-01,2025-12-31,564
122,DISC122,50,2025-01-01,2025-12-31,259
123,DISC123,40,2025-01-01,2025-12-31,999
124,DISC124,27,2025-01-01,2025-12-31,917
125,DISC125,28,2025-01-01,2025-12-31,460
126,DISC126,45,2025-01-01,2025-12-31,735
127,DISC127,12,2025-01-01,2025-12-31,933
128,DISC128,32,2025-01-01,2025-12-31,70
129,DISC129,35,2025-01-01,2025-12-31,430
130,DISC130,38,2025-01-01,2025-12-31,954
131,DISC131,37,2025-01-01,2025-12-31,810
132,DISC132,6,2025-01-01,2025-12-31,171
133,DISC133,43,2025-01-01,2025-12-31,281
134,DISC134,49,2025-01-01,2025-12-31,991
135,DISC135,13,2025-01-01,2025-12-31,297
136,DISC136,7,2025-01-01,2025-12-31,979
137,DISC137,41,2025-01-01,2025-12-31,63
138,DISC138,49,2025-01-01,2025-12-31,195
139,DISC139,30,2025-01-01,2025-12-31,507
140,DISC140,48,2025-01-01,2025-12-31,546
141,DISC141,37,2025-01-01,2025-12-31,995
142,DISC142,9,2025-01-01,2025-12-31,170
143,DISC143,33,2025-01-01,2025-12-31,769
144,DISC144,37,2025-01-01,2025-12-31,394
145,DISC145,40,2025-01-01,2025-12-31,799
146,DISC146,29,2025-01-01,2025-12-31,411
147,DISC147,43,2025-01-01,2025-12-31,279
148,DISC148,18,2025-01-01,2025-12-31,189
149,DISC149,5,2025-01-01,2025-12-31,164
150,DISC150,41,2025-01-01,2025-12-31,224
151,DISC151,42,2025-01-01,2025-12-31,714
152,DISC152,5,2025-01-01,2025-12-31,901
153,DISC153,37,2025-01-01,2025-12-31,467
154,DISC154,37,2025-01-01,2025-12-31,725
155,DISC155,38,2025-01-01,2025-12-31,266
156,DISC156,24,2025-01-01,2025-12-31,873
157,DISC157,19,2025-01-01,2025-12-31,304
158,DISC158,50,2025-01-01,2025-12-31,275
159,DISC159,40,2025-01-01,2025-12-31,122
160,DISC160,15,2025-01-01,2025-12-31,230
161,DISC161,7,2025-01-01,2025-12-31,547
162,DISC162,20,2025-01-01,2025-12-31,299
163,DISC163,7,2025-01-01,2025-12-31,655
164,DISC164,14,2025-01-01,2025-12-31,965
165,DISC165,22,2025-01-01,2025-12-31,950
166,DISC166,13,2025-01-01,2025-12-31,277
167,DISC167,8,2025-01-01,2025-12-31,658
168,DISC168,20,2025-01-01,2025-12-31,844
169,DISC169,18,2025-01-01,2025-12-31,548
170,DISC170,12,2025-01-01,2025-12-31,2
171,DISC171,46,2025-01-01,2025-12-31,356
172,DISC172,45,2025-01-01,2025-12-31,620
173,DISC173,28,2025-01-01,2025-12-31,333
174,DISC174,10,2025-01-01,2025-12-31,970
175,DISC175,50,2025-01-01,2025-12-31,906
176,DISC176,40,2025-01-01,2025-12-31,271
177,DISC177,13,2025-01-01,2025-12-31,419
178,DISC178,44,2025-01-01,2025-12-31,302
179,DISC179,25,2025-01-01,2025-12-31,59
180,DISC180,45,2025-01-01,2025-12-31,836
181,DISC181,5,2025-01-01,2025-12-31,844
182,DISC182,27,2025-01-01,2025-12-31,225
183,DISC183,22,2025-01-01,2025-12-31,181
184,DISC184,21,2025-01-01,2025-12-31,995
185,DISC185,6,2025-01-01,2025-12-31,551
186,DISC186,47,2025-01-01,2025-12-31,889
187,DISC187,42,2025-01-01,2025-12-31,109
188,DISC188,49,2025-01-01,2025-12-31,392
189,DISC189,46,2025-01-01,2025-12-31,264
190,DISC190,45,2025-01-01,2025-12-31,650
191,DISC191,43,2025-01-01,2025-12-31,565
192,DISC192,18,2025-01-01,2025-12-31,837
193,DISC193,33,2025-01-01,2025-12-31,226
194,DISC194,25,2025-01-01,2025-12-31,276
195,DISC195,18,2025-01-01,2025-12-31,596
196,DISC196,45,2025-01-01,2025-12-31,828
197,DISC197,30,2025-01-01,2025-12-31,160
198,DISC198,33,2025-01-01,2025-12-31,238
199,DISC199,32,2025-01-01,2025-12-31,378
200,DISC200,14,2025-01-01,2025-12-31,924
201,DISC201,35,2025-01-01,2025-12-31,96
202,DISC202,36,2025-01-01,2025-12-31,186
203,DISC203,34,2025-01-01,2025-12-31,190
204,DISC204,16,2025-01-01,2025-12-31,194
205,DISC205,41,2025-01-01,2025-12-31,503
206,DISC206,16,2025-01-01,2025-12-31,664
207,DISC207,23,2025-01-01,2025-12-31,22
208,DISC208,24,2025-01-01,2025-12-31,167
209,DISC209,16,2025-01-01,2025-12-31,838
210,DISC210,30,2025-01-01,2025-12-31,704
211,DISC211,43,2025-01-01,2025-12-31,193
212,DISC212,9,2025-01-01,2025-12-31,147
213,DISC213,9,2025-01-01,2025-12-31,437
214,DISC214,20,2025-01-01,2025-12-31,466
215,DISC215,46,2025-01-01,2025-12-31,994
216,DISC216,30,2025-01-01,2025-12-31,103
217,DISC217,38,2025-01-01,2025-12-31,141
218,DISC218,5,2025-01-01,2025-12-31,618
219,DISC219,11,2025-01-01,2025-12-31,387
220,DISC220,29,2025-01-01,2025-12-31,22
221,DISC221,12,2025-01-01,2025-12-31,847
222,DISC222,5,2025-01-01,2025-12-31,782
223,DISC223,46,2025-01-01,2025-12-31,958
224,DISC224,7,2025-01-01,2025-12-31,136
225,DISC225,20,2025-01-01,2025-12-31,789
226,DISC226,10,2025-01-01,2025-12-31,275
227,DISC227,14,2025-01-01,2025-12-31,962
228,DISC228,45,2025-01-01,2025-12-31,615
229,DISC229,5,2025-01-01,2025-12-31,812
230,DISC230,5,2025-01-01,2025-12-31,981
231,DISC231,11,2025-01-01,2025-12-31,556
232,DISC232,26,2025-01-01,2025-12-31,874
233,DISC233,50,2025-01-01,2025-12-31,88
234,DISC234,17,2025-01-01,2025-12-31,143
235,DISC235,35,2025-01-01,2025-12-31,778
236,DISC236,41,2025-01-01,2025-12-31,914
237,DISC237,33,2025-01-01,2025-12-31,836
238,DISC238,15,2025-01-01,2025-12-31,315
239,DISC239,26,2025-01-01,2025-12-31,491
240,DISC240,14,2025-01-01,2025-12-31,250
241,DISC241,8,2025-01-01,2025-12-31,557
242,DISC242,49,2025-01-01,2025-12-31,274
243,DISC243,45,2025-01-01,2025-12-31,557
244,DISC244,12,2025-01-01,2025-12-31,22
245,DISC245,7,2025-01-01,2025-12-31,106
246,DISC246,39,2025-01-01,2025-12-31,304
247,DISC247,11,2025-01-01,2025-12-31,524
248,DISC248,31,2025-01-01,2025-12-31,146
249,DISC249,5,2025-01-01,2025-12-31,935
250,DISC250,19,2025-01-01,2025-12-31,25
251,DISC251,19,2025-01-01,2025-12-31,438
252,DISC252,29,2025-01-01,2025-12-31,151
253,DISC253,27,2025-01-01,2025-12-31,672
254,DISC254,23,2025-01-01,2025-12-31,232
255,DISC255,48,2025-01-01,2025-12-31,394
256,DISC256,48,2025-01-01,2025-12-31,906
257,DISC257,50,2025-01-01,2025-12-31,843
258,DISC258,12,2025-01-01,2025-12-31,504
259,DISC259,15,2025-01-01,2025-12-31,113
260,DISC260,19,2025-01-01,2025-12-31,105
261,DISC261,23,2025-01-01,2025-12-31,366
262,DISC262,9,2025-01-01,2025-12-31,631
263,DISC263,26,2025-01-01,2025-12-31,122
264,DISC264,28,2025-01-01,2025-12-31,946
265,DISC265,10,2025-01-01,2025-12-31,918
266,DISC266,7,2025-01-01,2025-12-31,620
267,DISC267,14,2025-01-01,2025-12-31,183
268,DISC268,32,2025-01-01,2025-12-31,544
269,DISC269,26,2025-01-01,2025-12-31,615
270,DISC270,16,2025-01-01,2025-12-31,696
271,DISC271,32,2025-01-01,2025-12-31,154
272,DISC272,47,2025-01-01,2025-12-31,704
273,DISC273,24,2025-01-01,2025-12-31,640
274,DISC274,23,2025-01-01,2025-12-31,357
275,DISC275,11,2025-01-01,2025-12-31,278
276,DISC276,36,2025-01-01,2025-12-31,678
277,DISC277,28,2025-01-01,2025-12-31,956
278,DISC278,21,2025-01-01,2025-12-31,831
279,DISC279,50,2025-01-01,2025-12-31,818
280,DISC280,9,2025-01-01,2025-12-31,808
281,DISC281,5,2025-01-01,2025-12-31,883
282,DISC282,14,2025-01-01,2025-12-31,797
283,DISC283,46,2025-01-01,2025-12-31,151
284,DISC284,25,2025-01-01,2025-12-31,152
285,DISC285,29,2025-01-01,2025-12-31,458
286,DISC286,35,2025-01-01,2025-12-31,835
287,DISC287,9,2025-01-01,2025-12-31,116
288,DISC288,41,2025-01-01,2025-12-31,438
289,DISC289,22,2025-01-01,2025-12-31,149
290,DISC290,10,2025-01-01,2025-12-31,331
291,DISC291,13,2025-01-01,2025-12-31,187
292,DISC292,29,2025-01-01,2025-12-31,362
293,DISC293,25,2025-01-01,2025-12-31,507
294,DISC294,32,2025-01-01,2025-12-31,493
295,DISC295,49,2025-01-01,2025-12-31,997
296,DISC296,31,2025-01-01,2025-12-31,617
297,DISC297,45,2025-01-01,2025-12-31,342
298,DISC298,13,2025-01-01,2025-12-31,822
299,DISC299,46,2025-01-01,2025-12-31,944
300,DISC300,20,2025-01-01,2025-12-31,393
301,DISC301,31,2025-01-01,2025-12-31,563
302,DISC302,36,2025-01-01,2025-12-31,552
303,DISC303,39,2025-01-01,2025-12-31,505
304,DISC304,39,2025-01-01,2025-12-31,550
305,DISC305,19,2025-01-01,2025-12-31,394
306,DISC306,10,2025-01-01,2025-12-31,595
307,DISC307,50,2025-01-01,2025-12-31,432
308,DISC308,38,2025-01-01,2025-12-31,592
309,DISC309,49,2025-01-01,2025-12-31,831
310,DISC310,19,2025-01-01,2025-12-31,720
311,DISC311,10,2025-01-01,2025-12-31,241
312,DISC312,28,2025-01-01,2025-12-31,3
313,DISC313,18,2025-01-01,2025-12-31,872
314,DISC314,6,2025-01-01,2025-12-31,372
315,DISC315,40,2025-01-01,2025-12-31,486
316,DISC316,13,2025-01-01,2025-12-31,944
317,DISC317,12,2025-01-01,2025-12-31,62
318,DISC318,27,2025-01-01,2025-12-31,370
319,DISC319,13,2025-01-01,2025-12-31,302
320,DISC320,34,2025-01-01,2025-12-31,148
321,DISC321,40,2025-01-01,2025-12-31,996
322,DISC322,31,2025-01-01,2025-12-31,249
323,DISC323,18,2025-01-01,2025-12-31,848
324,DISC324,19,2025-01-01,2025-12-31,58
325,DISC325,13,2025-01-01,2025-12-31,121
326,DISC326,49,2025-01-01,2025-12-31,721
327,DISC327,14,2025-01-01,2025-12-31,387
328,DISC328,6,2025-01-01,2025-12-31,713
329,DISC329,32,2025-01-01,2025-12-31,381
330,DISC330,8,2025-01-01,2025-12-31,719
331,DISC331,11,2025-01-01,2025-12-31,679
332,DISC332,42,2025-01-01,2025-12-31,76
333,DISC333,35,2025-01-01,2025-12-31,858
334,DISC334,43,2025-01-01,2025-12-31,892
335,DISC335,15,2025-01-01,2025-12-31,31
336,DISC336,14,2025-01-01,2025-12-31,375
337,DISC337,14,2025-01-01,2025-12-31,81
338,DISC338,20,2025-01-01,2025-12-31,79
339,DISC339,5,2025-01-01,2025-12-31,583
340,DISC340,31,2025-01-01,2025-12-31,154
341,DISC341,16,2025-01-01,2025-12-31,482
342,DISC342,13,2025-01-01,2025-12-31,767
343,DISC343,38,2025-01-01,2025-12-31,716
344,DISC344,24,2025-01-01,2025-12-31,482
345,DISC345,31,2025-01-01,2025-12-31,740
346,DISC346,26,2025-01-01,2025-12-31,455
347,DISC347,46,2025-01-01,2025-12-31,712
348,DISC348,5,2025-01-01,2025-12-31,294
349,DISC349,12,2025-01-01,2025-12-31,160
350,DISC350,8,2025-01-01,2025-12-31,903
351,DISC351,46,2025-01-01,2025-12-31,33
352,DISC352,43,2025-01-01,2025-12-31,770
353,DISC353,16,2025-01-01,2025-12-31,516
354,DISC354,15,2025-01-01,2025-12-31,12
355,DISC355,30,2025-01-01,2025-12-31,853
356,DISC356,32,2025-01-01,2025-12-31,697
357,DISC357,34,2025-01-01,2025-12-31,568
358,DISC358,50,2025-01-01,2025-12-31,850
359,DISC359,21,2025-01-01,2025-12-31,942
360,DISC360,41,2025-01-01,2025-12-31,514
361,DISC361,24,2025-01-01,2025-12-31,727
362,DISC362,19,2025-01-01,2025-12-31,434
363,DISC363,15,2025-01-01,2025-12-31,279
364,DISC364,10,2025-01-01,2025-12-31,535
365,DISC365,29,2025-01-01,2025-12-31,974
366,DISC366,13,2025-01-01,2025-12-31,761
367,DISC367,18,2025-01-01,2025-12-31,411
368,DISC368,44,2025-01-01,2025-12-31,58
369,DISC369,19,2025-01-01,2025-12-31,402
370,DISC370,16,2025-01-01,2025-12-31,843
371,DISC371,40,2025-01-01,2025-12-31,620
372,DISC372,9,2025-01-01,2025-12-31,837
373,DISC373,49,2025-01-01,2025-12-31,480
374,DISC374,35,2025-01-01,2025-12-31,321
375,DISC375,46,2025-01-01,2025-12-31,658
376,DISC376,30,2025-01-01,2025-12-31,848
377,DISC377,29,2025-01-01,2025-12-31,169
378,DISC378,8,2025-01-01,2025-12-31,823
379,DISC379,28,2025-01-01,2025-12-31,663
380,DISC380,32,2025-01-01,2025-12-31,200
381,DISC381,22,2025-01-01,2025-12-31,112
382,DISC382,11,2025-01-01,2025-12-31,80
383,DISC383,28,2025-01-01,2025-12-31,618
384,DISC384,26,2025-01-01,2025-12-31,29
385,DISC385,20,2025-01-01,2025-12-31,289
386,DISC386,15,2025-01-01,2025-12-31,555
387,DISC387,11,2025-01-01,2025-12-31,67
388,DISC388,18,2025-01-01,2025-12-31,612
389,DISC389,5,2025-01-01,2025-12-31,775
390,DISC390,24,2025-01-01,2025-12-31,193
391,DISC391,40,2025-01-01,2025-12-31,207
392,DISC392,45,2025-01-01,2025-12-31,952
393,DISC393,7,2025-01-01,2025-12-31,247
394,DISC394,22,2025-01-01,2025-12-31,88
395,DISC395,41,2025-01-01,2025-12-31,579
396,DISC396,7,2025-01-01,2025-12-31,578
397,DISC397,35,2025-01-01,2025-12-31,47
398,DISC398,8,2025-01-01,2025-12-31,323
399,DISC399,10,2025-01-01,2025-12-31,967
400,DISC400,24,2025-01-01,2025-12-31,9
401,DISC401,27,2025-01-01,2025-12-31,770
402,DISC402,23,2025-01-01,2025-12-31,982
403,DISC403,30,2025-01-01,2025-12-31,513
404,DISC404,17,2025-01-01,2025-12-31,323
405,DISC405,30,2025-01-01,2025-12-31,744
406,DISC406,27,2025-01-01,2025-12-31,998
407,DISC407,13,2025-01-01,2025-12-31,720
408,DISC408,48,2025-01-01,2025-12-31,100
409,DISC409,26,2025-01-01,2025-12-31,418
410,DISC410,37,2025-01-01,2025-12-31,104
411,DISC411,37,2025-01-01,2025-12-31,827
412,DISC412,14,2025-01-01,2025-12-31,25
413,DISC413,42,2025-01-01,2025-12-31,816
414,DISC414,29,2025-01-01,2025-12-31,489
415,DISC415,42,2025-01-01,2025-12-31,890
416,DISC416,7,2025-01-01,2025-12-31,298
417,DISC417,15,2025-01-01,2025-12-31,156
418,DISC418,48,2025-01-01,2025-12-31,475
419,DISC419,10,2025-01-01,2025-12-31,907
420,DISC420,45,2025-01-01,2025-12-31,96
421,DISC421,50,2025-01-01,2025-12-31,238
422,DISC422,18,2025-01-01,2025-12-31,827
423,DISC423,48,2025-01-01,2025-12-31,670
424,DISC424,14,2025-01-01,2025-12-31,788
425,DISC425,50,2025-01-01,2025-12-31,165
426,DISC426,37,2025-01-01,2025-12-31,529
427,DISC427,43,2025-01-01,2025-12-31,668
428,DISC428,38,2025-01-01,2025-12-31,953
429,DISC429,26,2025-01-01,2025-12-31,459
430,DISC430,13,2025-01-01,2025-12-31,348
431,DISC431,23,2025-01-01,2025-12-31,369
432,DISC432,44,2025-01-01,2025-12-31,877
433,DISC433,32,2025-01-01,2025-12-31,41
434,DISC434,50,2025-01-01,2025-12-31,793
435,DISC435,48,2025-01-01,2025-12-31,397
436,DISC436,20,2025-01-01,2025-12-31,214
437,DISC437,44,2025-01-01,2025-12-31,622
438,DISC438,9,2025-01-01,2025-12-31,982
439,DISC439,14,2025-01-01,2025-12-31,581
440,DISC440,45,2025-01-01,2025-12-31,510
441,DISC441,11,2025-01-01,2025-12-31,825
442,DISC442,5,2025-01-01,2025-12-31,147
443,DISC443,24,2025-01-01,2025-12-31,561
444,DISC444,10,2025-01-01,2025-12-31,511
445,DISC445,11,2025-01-01,2025-12-31,466
446,DISC446,25,2025-01-01,2025-12-31,174
447,DISC447,23,2025-01-01,2025-12-31,166
448,DISC448,9,2025-01-01,2025-12-31,287
449,DISC449,41,2025-01-01,2025-12-31,373
450,DISC450,27,2025-01-01,2025-12-31,92
451,DISC451,9,2025-01-01,2025-12-31,184
452,DISC452,50,2025-01-01,2025-12-31,791
453,DISC453,34,2025-01-01,2025-12-31,265
454,DISC454,35,2025-01-01,2025-12-31,263
455,DISC455,33,2025-01-01,2025-12-31,666
456,DISC456,13,2025-01-01,2025-12-31,963
457,DISC457,12,2025-01-01,2025-12-31,996
458,DISC458,41,2025-01-01,2025-12-31,500
459,DISC459,7,2025-01-01,2025-12-31,373
460,DISC460,23,2025-01-01,2025-12-31,411
461,DISC461,31,2025-01-01,2025-12-31,878
462,DISC462,44,2025-01-01,2025-12-31,940
463,DISC463,48,2025-01-01,2025-12-31,133
464,DISC464,33,2025-01-01,2025-12-31,376
465,DISC465,37,2025-01-01,2025-12-31,866
466,DISC466,44,2025-01-01,2025-12-31,975
467,DISC467,25,2025-01-01,2025-12-31,383
468,DISC468,10,2025-01-01,2025-12-31,699
469,DISC469,31,2025-01-01,2025-12-31,519
470,DISC470,33,2025-01-01,2025-12-31,270
471,DISC471,48,2025-01-01,2025-12-31,44
472,DISC472,44,2025-01-01,2025-12-31,660
473,DISC473,8,2025-01-01,2025-12-31,759
474,DISC474,20,2025-01-01,2025-12-31,717
475,DISC475,40,2025-01-01,2025-12-31,9
476,DISC476,14,2025-01-01,2025-12-31,874
477,DISC477,11,2025-01-01,2025-12-31,298
478,DISC478,29,2025-01-01,2025-12-31,163
479,DISC479,41,2025-01-01,2025-12-31,409
480,DISC480,9,2025-01-01,2025-12-31,229
481,DISC481,29,2025-01-01,2025-12-31,896
482,DISC482,34,2025-01-01,2025-12-31,686
483,DISC483,10,2025-01-01,2025-12-31,358
484,DISC484,34,2025-01-01,2025-12-31,480
485,DISC485,46,2025-01-01,2025-12-31,548
486,DISC486,34,2025-01-01,2025-12-31,112
487,DISC487,10,2025-01-01,2025-12-31,185
488,DISC488,11,2025-01-01,2025-12-31,940
489,DISC489,30,2025-01-01,2025-12-31,787
490,DISC490,32,2025-01-01,2025-12-31,205
491,DISC491,30,2025-01-01,2025-12-31,337
492,DISC492,9,2025-01-01,2025-12-31,325
493,DISC493,26,2025-01-01,2025-12-31,619
494,DISC494,36,2025-01-01,2025-12-31,218
495,DISC495,49,2025-01-01,2025-12-31,760
496,DISC496,35,2025-01-01,2025-12-31,118
497,DISC497,22,2025-01-01,2025-12-31,466
498,DISC498,7,2025-01-01,2025-12-31,559
499,DISC499,14,2025-01-01,2025-12-31,972
500,DISC500,35,2025-01-01,2025-12-31,150
501,DISC501,45,2025-01-01,2025-12-31,219
502,DISC502,25,2025-01-01,2025-12-31,582
503,DISC503,7,2025-01-01,2025-12-31,616
504,DISC504,29,2025-01-01,2025-12-31,64
505,DISC505,28,2025-01-01,2025-12-31,809
506,DISC506,32,2025-01-01,2025-12-31,485
507,DISC507,18,2025-01-01,2025-12-31,56
508,DISC508,18,2025-01-01,2025-12-31,889
509,DISC509,6,2025-01-01,2025-12-31,976
510,DISC510,48,2025-01-01,2025-12-31,434
511,DISC511,22,2025-01-01,2025-12-31,259
512,DISC512,45,2025-01-01,2025-12-31,181
513,DISC513,10,2025-01-01,2025-12-31,146
514,DISC514,9,2025-01-01,2025-12-31,281
515,DISC515,30,2025-01-01,2025-12-31,84
516,DISC516,24,2025-01-01,2025-12-31,895
517,DISC517,50,2025-01-01,2025-12-31,463
518,DISC518,31,2025-01-01,2025-12-31,538
519,DISC519,18,2025-01-01,2025-12-31,686
520,DISC520,21,2025-01-01,2025-12-31,189
521,DISC521,8,2025-01-01,2025-12-31,95
522,DISC522,32,2025-01-01,2025-12-31,351
523,DISC523,24,2025-01-01,2025-12-31,169
524,DISC524,17,2025-01-01,2025-12-31,358
525,DISC525,31,2025-01-01,2025-12-31,494
526,DISC526,35,2025-01-01,2025-12-31,549
527,DISC527,49,2025-01-01,2025-12-31,803
528,DISC528,15,2025-01-01,2025-12-31,989
529,DISC529,49,2025-01-01,2025-12-31,448
530,DISC530,27,2025-01-01,2025-12-31,935
531,DISC531,49,2025-01-01,2025-12-31,585
532,DISC532,29,2025-01-01,2025-12-31,843
533,DISC533,5,2025-01-01,2025-12-31,575
534,DISC534,43,2025-01-01,2025-12-31,204
535,DISC535,9,2025-01-01,2025-12-31,741
536,DISC536,47,2025-01-01,2025-12-31,593
537,DISC537,44,2025-01-01,2025-12-31,149
538,DISC538,25,2025-01-01,2025-12-31,681
539,DISC539,25,2025-01-01,2025-12-31,15
540,DISC540,14,2025-01-01,2025-12-31,919
541,DISC541,34,2025-01-01,2025-12-31,957
542,DISC542,14,2025-01-01,2025-12-31,512
543,DISC543,25,2025-01-01,2025-12-31,117
544,DISC544,48,2025-01-01,2025-12-31,417
545,DISC545,21,2025-01-01,2025-12-31,534
546,DISC546,5,2025-01-01,2025-12-31,462
547,DISC547,13,2025-01-01,2025-12-31,650
548,DISC548,33,2025-01-01,2025-12-31,655
549,DISC549,42,2025-01-01,2025-12-31,100
550,DISC550,7,2025-01-01,2025-12-31,224
551,DISC551,17,2025-01-01,2025-12-31,431
552,DISC552,49,2025-01-01,2025-12-31,560
553,DISC553,15,2025-01-01,2025-12-31,616
554,DISC554,29,2025-01-01,2025-12-31,222
555,DISC555,27,2025-01-01,2025-12-31,215
556,DISC556,17,2025-01-01,2025-12-31,996
557,DISC557,48,2025-01-01,2025-12-31,591
558,DISC558,5,2025-01-01,2025-12-31,380
559,DISC559,28,2025-01-01,2025-12-31,17
560,DISC560,24,2025-01-01,2025-12-31,919
561,DISC561,24,2025-01-01,2025-12-31,515
562,DISC562,12,2025-01-01,2025-12-31,717
563,DISC563,36,2025-01-01,2025-12-31,665
564,DISC564,34,2025-01-01,2025-12-31,424
565,DISC565,31,2025-01-01,2025-12-31,361
566,DISC566,27,2025-01-01,2025-12-31,849
567,DISC567,39,2025-01-01,2025-12-31,437
568,DISC568,38,2025-01-01,2025-12-31,998
569,DISC569,26,2025-01-01,2025-12-31,117
570,DISC570,16,2025-01-01,2025-12-31,470
571,DISC571,32,2025-01-01,2025-12-31,383
572,DISC572,16,2025-01-01,2025-12-31,567
573,DISC573,43,2025-01-01,2025-12-31,167
574,DISC574,39,2025-01-01,2025-12-31,447
575,DISC575,29,2025-01-01,2025-12-31,292
576,DISC576,47,2025-01-01,2025-12-31,706
577,DISC577,48,2025-01-01,2025-12-31,448
578,DISC578,45,2025-01-01,2025-12-31,291
579,DISC579,49,2025-01-01,2025-12-31,636
580,DISC580,11,2025-01-01,2025-12-31,90
581,DISC581,11,2025-01-01,2025-12-31,92
582,DISC582,46,2025-01-01,2025-12-31,17
583,DISC583,44,2025-01-01,2025-12-31,955
584,DISC584,31,2025-01-01,2025-12-31,107
585,DISC585,36,2025-01-01,2025-12-31,768
586,DISC586,44,2025-01-01,2025-12-31,950
587,DISC587,39,2025-01-01,2025-12-31,103
588,DISC588,45,2025-01-01,2025-12-31,455
589,DISC589,37,2025-01-01,2025-12-31,596
590,DISC590,7,2025-01-01,2025-12-31,684
591,DISC591,23,2025-01-01,2025-12-31,873
592,DISC592,31,2025-01-01,2025-12-31,217
593,DISC593,19,2025-01-01,2025-12-31,796
594,DISC594,34,2025-01-01,2025-12-31,565
595,DISC595,29,2025-01-01,2025-12-31,118
596,DISC596,17,2025-01-01,2025-12-31,877
597,DISC597,35,2025-01-01,2025-12-31,974
598,DISC598,12,2025-01-01,2025-12-31,360
599,DISC599,34,2025-01-01,2025-12-31,423
600,DISC600,46,2025-01-01,2025-12-31,721
601,DISC601,30,2025-01-01,2025-12-31,8
602,DISC602,28,2025-01-01,2025-12-31,801
603,DISC603,19,2025-01-01,2025-12-31,520
604,DISC604,23,2025-01-01,2025-12-31,275
605,DISC605,47,2025-01-01,2025-12-31,271
606,DISC606,24,2025-01-01,2025-12-31,859
607,DISC607,31,2025-01-01,2025-12-31,690
608,DISC608,20,2025-01-01,2025-12-31,5
609,DISC609,31,2025-01-01,2025-12-31,34
610,DISC610,5,2025-01-01,2025-12-31,27
611,DISC611,14,2025-01-01,2025-12-31,810
612,DISC612,28,2025-01-01,2025-12-31,861
613,DISC613,38,2025-01-01,2025-12-31,840
614,DISC614,43,2025-01-01,2025-12-31,326
615,DISC615,26,2025-01-01,2025-12-31,175
616,DISC616,41,2025-01-01,2025-12-31,441
617,DISC617,20,2025-01-01,2025-12-31,570
618,DISC618,30,2025-01-01,2025-12-31,198
619,DISC619,44,2025-01-01,2025-12-31,660
620,DISC620,30,2025-01-01,2025-12-31,849
621,DISC621,8,2025-01-01,2025-12-31,821
622,DISC622,41,2025-01-01,2025-12-31,440
623,DISC623,13,2025-01-01,2025-12-31,962
624,DISC624,45,2025-01-01,2025-12-31,400
625,DISC625,16,2025-01-01,2025-12-31,413
626,DISC626,25,2025-01-01,2025-12-31,530
627,DISC627,15,2025-01-01,2025-12-31,448
628,DISC628,19,2025-01-01,2025-12-31,102
629,DISC629,50,2025-01-01,2025-12-31,821
630,DISC630,13,2025-01-01,2025-12-31,517
631,DISC631,12,2025-01-01,2025-12-31,647
632,DISC632,41,2025-01-01,2025-12-31,804
633,DISC633,30,2025-01-01,2025-12-31,864
634,DISC634,45,2025-01-01,2025-12-31,939
635,DISC635,21,2025-01-01,2025-12-31,858
636,DISC636,40,2025-01-01,2025-12-31,163
637,DISC637,25,2025-01-01,2025-12-31,209
638,DISC638,10,2025-01-01,2025-12-31,96
639,DISC639,6,2025-01-01,2025-12-31,448
640,DISC640,5,2025-01-01,2025-12-31,644
641,DISC641,42,2025-01-01,2025-12-31,157
642,DISC642,6,2025-01-01,2025-12-31,633
643,DISC643,50,2025-01-01,2025-12-31,557
644,DISC644,10,2025-01-01,2025-12-31,586
645,DISC645,29,2025-01-01,2025-12-31,26
646,DISC646,13,2025-01-01,2025-12-31,465
647,DISC647,45,2025-01-01,2025-12-31,647
648,DISC648,27,2025-01-01,2025-12-31,192
649,DISC649,20,2025-01-01,2025-12-31,669
650,DISC650,19,2025-01-01,2025-12-31,305
651,DISC651,17,2025-01-01,2025-12-31,549
652,DISC652,20,2025-01-01,2025-12-31,744
653,DISC653,29,2025-01-01,2025-12-31,789
654,DISC654,21,2025-01-01,2025-12-31,676
655,DISC655,8,2025-01-01,2025-12-31,282
656,DISC656,10,2025-01-01,2025-12-31,958
657,DISC657,14,2025-01-01,2025-12-31,643
658,DISC658,6,2025-01-01,2025-12-31,654
659,DISC659,42,2025-01-01,2025-12-31,888
660,DISC660,11,2025-01-01,2025-12-31,114
661,DISC661,34,2025-01-01,2025-12-31,950
662,DISC662,43,2025-01-01,2025-12-31,126
663,DISC663,11,2025-01-01,2025-12-31,146
664,DISC664,23,2025-01-01,2025-12-31,269
665,DISC665,16,2025-01-01,2025-12-31,96
666,DISC666,9,2025-01-01,2025-12-31,507
667,DISC667,28,2025-01-01,2025-12-31,935
668,DISC668,18,2025-01-01,2025-12-31,401
669,DISC669,11,2025-01-01,2025-12-31,503
670,DISC670,6,2025-01-01,2025-12-31,424
671,DISC671,9,2025-01-01,2025-12-31,499
672,DISC672,45,2025-01-01,2025-12-31,79
673,DISC673,18,2025-01-01,2025-12-31,704
674,DISC674,31,2025-01-01,2025-12-31,385
675,DISC675,25,2025-01-01,2025-12-31,649
676,DISC676,33,2025-01-01,2025-12-31,828
677,DISC677,15,2025-01-01,2025-12-31,185
678,DISC678,24,2025-01-01,2025-12-31,11
679,DISC679,16,2025-01-01,2025-12-31,676
680,DISC680,41,2025-01-01,2025-12-31,647
681,DISC681,43,2025-01-01,2025-12-31,876
682,DISC682,7,2025-01-01,2025-12-31,121
683,DISC683,26,2025-01-01,2025-12-31,356
684,DISC684,35,2025-01-01,2025-12-31,629
685,DISC685,43,2025-01-01,2025-12-31,560
686,DISC686,5,2025-01-01,2025-12-31,163
687,DISC687,38,2025-01-01,2025-12-31,760
688,DISC688,21,2025-01-01,2025-12-31,949
689,DISC689,12,2025-01-01,2025-12-31,198
690,DISC690,43,2025-01-01,2025-12-31,31
691,DISC691,39,2025-01-01,2025-12-31,24
692,DISC692,38,2025-01-01,2025-12-31,525
693,DISC693,14,2025-01-01,2025-12-31,222
694,DISC694,28,2025-01-01,2025-12-31,118
695,DISC695,18,2025-01-01,2025-12-31,31
696,DISC696,25,2025-01-01,2025-12-31,142
697,DISC697,19,2025-01-01,2025-12-31,86
698,DISC698,49,2025-01-01,2025-12-31,963
699,DISC699,13,2025-01-01,2025-12-31,275
700,DISC700,22,2025-01-01,2025-12-31,494
701,DISC701,17,2025-01-01,2025-12-31,977
702,DISC702,10,2025-01-01,2025-12-31,357
703,DISC703,50,2025-01-01,2025-12-31,565
704,DISC704,46,2025-01-01,2025-12-31,302
705,DISC705,34,2025-01-01,2025-12-31,764
706,DISC706,36,2025-01-01,2025-12-31,447
707,DISC707,37,2025-01-01,2025-12-31,970
708,DISC708,30,2025-01-01,2025-12-31,945
709,DISC709,17,2025-01-01,2025-12-31,257
710,DISC710,16,2025-01-01,2025-12-31,203
711,DISC711,48,2025-01-01,2025-12-31,867
712,DISC712,50,2025-01-01,2025-12-31,288
713,DISC713,30,2025-01-01,2025-12-31,106
714,DISC714,42,2025-01-01,2025-12-31,813
715,DISC715,42,2025-01-01,2025-12-31,320
716,DISC716,15,2025-01-01,2025-12-31,814
717,DISC717,18,2025-01-01,2025-12-31,977
718,DISC718,36,2025-01-01,2025-12-31,444
719,DISC719,33,2025-01-01,2025-12-31,434
720,DISC720,43,2025-01-01,2025-12-31,766
721,DISC721,22,2025-01-01,2025-12-31,836
722,DISC722,25,2025-01-01,2025-12-31,638
723,DISC723,11,2025-01-01,2025-12-31,622
724,DISC724,29,2025-01-01,2025-12-31,440
725,DISC725,17,2025-01-01,2025-12-31,581
726,DISC726,27,2025-01-01,2025-12-31,383
727,DISC727,45,2025-01-01,2025-12-31,840
728,DISC728,9,2025-01-01,2025-12-31,461
729,DISC729,15,2025-01-01,2025-12-31,911
730,DISC730,7,2025-01-01,2025-12-31,982
731,DISC731,37,2025-01-01,2025-12-31,260
732,DISC732,42,2025-01-01,2025-12-31,420
733,DISC733,23,2025-01-01,2025-12-31,619
734,DISC734,46,2025-01-01,2025-12-31,974
735,DISC735,38,2025-01-01,2025-12-31,361
736,DISC736,30,2025-01-01,2025-12-31,31
737,DISC737,12,2025-01-01,2025-12-31,185
738,DISC738,25,2025-01-01,2025-12-31,440
739,DISC739,16,2025-01-01,2025-12-31,367
740,DISC740,20,2025-01-01,2025-12-31,75
741,DISC741,18,2025-01-01,2025-12-31,673
742,DISC742,28,2025-01-01,2025-12-31,381
743,DISC743,14,2025-01-01,2025-12-31,799
744,DISC744,25,2025-01-01,2025-12-31,126
745,DISC745,5,2025-01-01,2025-12-31,327
746,DISC746,49,2025-01-01,2025-12-31,12
747,DISC747,50,2025-01-01,2025-12-31,337
748,DISC748,18,2025-01-01,2025-12-31,477
749,DISC749,41,2025-01-01,2025-12-31,815
750,DISC750,25,2025-01-01,2025-12-31,921
751,DISC751,19,2025-01-01,2025-12-31,576
752,DISC752,9,2025-01-01,2025-12-31,395
753,DISC753,23,2025-01-01,2025-12-31,617
754,DISC754,18,2025-01-01,2025-12-31,540
755,DISC755,18,2025-01-01,2025-12-31,106
756,DISC756,40,2025-01-01,2025-12-31,285
757,DISC757,50,2025-01-01,2025-12-31,623
758,DISC758,47,2025-01-01,2025-12-31,77
759,DISC759,41,2025-01-01,2025-12-31,915
760,DISC760,46,2025-01-01,2025-12-31,432
761,DISC761,48,2025-01-01,2025-12-31,775
762,DISC762,32,2025-01-01,2025-12-31,326
763,DISC763,25,2025-01-01,2025-12-31,203
764,DISC764,17,2025-01-01,2025-12-31,51
765,DISC765,36,2025-01-01,2025-12-31,511
766,DISC766,7,2025-01-01,2025-12-31,282
767,DISC767,31,2025-01-01,2025-12-31,123
768,DISC768,12,2025-01-01,2025-12-31,464
769,DISC769,15,2025-01-01,2025-12-31,616
770,DISC770,25,2025-01-01,2025-12-31,606
771,DISC771,29,2025-01-01,2025-12-31,243
772,DISC772,41,2025-01-01,2025-12-31,22
773,DISC773,23,2025-01-01,2025-12-31,19
774,DISC774,46,2025-01-01,2025-12-31,803
775,DISC775,41,2025-01-01,2025-12-31,5
776,DISC776,34,2025-01-01,2025-12-31,292
777,DISC777,13,2025-01-01,2025-12-31,862
778,DISC778,30,2025-01-01,2025-12-31,38
779,DISC779,39,2025-01-01,2025-12-31,941
780,DISC780,38,2025-01-01,2025-12-31,41
781,DISC781,26,2025-01-01,2025-12-31,661
782,DISC782,6,2025-01-01,2025-12-31,72
783,DISC783,35,2025-01-01,2025-12-31,98
784,DISC784,31,2025-01-01,2025-12-31,741
785,DISC785,24,2025-01-01,2025-12-31,282
786,DISC786,25,2025-01-01,2025-12-31,772
787,DISC787,27,2025-01-01,2025-12-31,410
788,DISC788,10,2025-01-01,2025-12-31,570
789,DISC789,25,2025-01-01,2025-12-31,506
790,DISC790,44,2025-01-01,2025-12-31,49
791,DISC791,30,2025-01-01,2025-12-31,306
792,DISC792,49,2025-01-01,2025-12-31,466
793,DISC793,36,2025-01-01,2025-12-31,870
794,DISC794,46,2025-01-01,2025-12-31,991
795,DISC795,12,2025-01-01,2025-12-31,864
796,DISC796,28,2025-01-01,2025-12-31,961
797,DISC797,44,2025-01-01,2025-12-31,106
798,DISC798,6,2025-01-01,2025-12-31,230
799,DISC799,8,2025-01-01,2025-12-31,846
800,DISC800,5,2025-01-01,2025-12-31,143
801,DISC801,11,2025-01-01,2025-12-31,331
802,DISC802,49,2025-01-01,2025-12-31,742
803,DISC803,32,2025-01-01,2025-12-31,232
804,DISC804,15,2025-01-01,2025-12-31,91
805,DISC805,17,2025-01-01,2025-12-31,742
806,DISC806,28,2025-01-01,2025-12-31,836
807,DISC807,39,2025-01-01,2025-12-31,6
808,DISC808,49,2025-01-01,2025-12-31,889
809,DISC809,8,2025-01-01,2025-12-31,266
810,DISC810,7,2025-01-01,2025-12-31,114
811,DISC811,8,2025-01-01,2025-12-31,970
812,DISC812,24,2025-01-01,2025-12-31,77
813,DISC813,21,2025-01-01,2025-12-31,338
814,DISC814,49,2025-01-01,2025-12-31,628
815,DISC815,29,2025-01-01,2025-12-31,277
816,DISC816,49,2025-01-01,2025-12-31,175
817,DISC817,13,2025-01-01,2025-12-31,598
818,DISC818,34,2025-01-01,2025-12-31,123
819,DISC819,13,2025-01-01,2025-12-31,327
820,DISC820,14,2025-01-01,2025-12-31,772
821,DISC821,42,2025-01-01,2025-12-31,910
822,DISC822,31,2025-01-01,2025-12-31,653
823,DISC823,33,2025-01-01,2025-12-31,685
824,DISC824,12,2025-01-01,2025-12-31,535
825,DISC825,38,2025-01-01,2025-12-31,247
826,DISC826,41,2025-01-01,2025-12-31,490
827,DISC827,47,2025-01-01,2025-12-31,502
828,DISC828,22,2025-01-01,2025-12-31,330
829,DISC829,35,2025-01-01,2025-12-31,232
830,DISC830,10,2025-01-01,2025-12-31,271
831,DISC831,23,2025-01-01,2025-12-31,729
832,DISC832,10,2025-01-01,2025-12-31,362
833,DISC833,40,2025-01-01,2025-12-31,856
834,DISC834,20,2025-01-01,2025-12-31,676
835,DISC835,46,2025-01-01,2025-12-31,753
836,DISC836,18,2025-01-01,2025-12-31,712
837,DISC837,9,2025-01-01,2025-12-31,77
838,DISC838,36,2025-01-01,2025-12-31,62
839,DISC839,18,2025-01-01,2025-12-31,14
840,DISC840,47,2025-01-01,2025-12-31,222
841,DISC841,34,2025-01-01,2025-12-31,839
842,DISC842,29,2025-01-01,2025-12-31,193
843,DISC843,36,2025-01-01,2025-12-31,108
844,DISC844,26,2025-01-01,2025-12-31,214
845,DISC845,42,2025-01-01,2025-12-31,780
846,DISC846,38,2025-01-01,2025-12-31,527
847,DISC847,25,2025-01-01,2025-12-31,779
848,DISC848,24,2025-01-01,2025-12-31,726
849,DISC849,34,2025-01-01,2025-12-31,672
850,DISC850,14,2025-01-01,2025-12-31,869
851,DISC851,37,2025-01-01,2025-12-31,109
852,DISC852,13,2025-01-01,2025-12-31,225
853,DISC853,28,2025-01-01,2025-12-31,395
854,DISC854,33,2025-01-01,2025-12-31,889
855,DISC855,44,2025-01-01,2025-12-31,526
856,DISC856,17,2025-01-01,2025-12-31,799
857,DISC857,30,2025-01-01,2025-12-31,193
858,DISC858,9,2025-01-01,2025-12-31,285
859,DISC859,32,2025-01-01,2025-12-31,169
860,DISC860,48,2025-01-01,2025-12-31,315
861,DISC861,41,2025-01-01,2025-12-31,664
862,DISC862,11,2025-01-01,2025-12-31,151
863,DISC863,34,2025-01-01,2025-12-31,898
864,DISC864,11,2025-01-01,2025-12-31,763
865,DISC865,12,2025-01-01,2025-12-31,247
866,DISC866,6,2025-01-01,2025-12-31,916
867,DISC867,34,2025-01-01,2025-12-31,192
868,DISC868,22,2025-01-01,2025-12-31,30
869,DISC869,35,2025-01-01,2025-12-31,678
870,DISC870,38,2025-01-01,2025-12-31,464
871,DISC871,27,2025-01-01,2025-12-31,272
872,DISC872,12,2025-01-01,2025-12-31,950
873,DISC873,40,2025-01-01,2025-12-31,87
874,DISC874,27,2025-01-01,2025-12-31,442
875,DISC875,18,2025-01-01,2025-12-31,155
876,DISC876,30,2025-01-01,2025-12-31,515
877,DISC877,32,2025-01-01,2025-12-31,521
878,DISC878,26,2025-01-01,2025-12-31,55
879,DISC879,33,2025-01-01,2025-12-31,280
880,DISC880,28,2025-01-01,2025-12-31,101
881,DISC881,8,2025-01-01,2025-12-31,665
882,DISC882,29,2025-01-01,2025-12-31,750
883,DISC883,32,2025-01-01,2025-12-31,199
884,DISC884,23,2025-01-01,2025-12-31,194
885,DISC885,30,2025-01-01,2025-12-31,181
886,DISC886,43,2025-01-01,2025-12-31,283
887,DISC887,38,2025-01-01,2025-12-31,623
888,DISC888,36,2025-01-01,2025-12-31,532
889,DISC889,32,2025-01-01,2025-12-31,112
890,DISC890,48,2025-01-01,2025-12-31,52
891,DISC891,46,2025-01-01,2025-12-31,255
892,DISC892,12,2025-01-01,2025-12-31,225
893,DISC893,12,2025-01-01,2025-12-31,55
894,DISC894,7,2025-01-01,2025-12-31,590
895,DISC895,22,2025-01-01,2025-12-31,245
896,DISC896,9,2025-01-01,2025-12-31,545
897,DISC897,11,2025-01-01,2025-12-31,283
898,DISC898,19,2025-01-01,2025-12-31,904
899,DISC899,44,2025-01-01,2025-12-31,717
900,DISC900,50,2025-01-01,2025-12-31,415
901,DISC901,30,2025-01-01,2025-12-31,403
902,DISC902,11,2025-01-01,2025-12-31,226
903,DISC903,49,2025-01-01,2025-12-31,275
904,DISC904,36,2025-01-01,2025-12-31,211
905,DISC905,15,2025-01-01,2025-12-31,805
906,DISC906,18,2025-01-01,2025-12-31,356
907,DISC907,45,2025-01-01,2025-12-31,295
908,DISC908,50,2025-01-01,2025-12-31,611
909,DISC909,23,2025-01-01,2025-12-31,752
910,DISC910,5,2025-01-01,2025-12-31,97
911,DISC911,16,2025-01-01,2025-12-31,516
912,DISC912,49,2025-01-01,2025-12-31,638
913,DISC913,35,2025-01-01,2025-12-31,757
914,DISC914,24,2025-01-01,2025-12-31,874
915,DISC915,49,2025-01-01,2025-12-31,245
916,DISC916,15,2025-01-01,2025-12-31,323
917,DISC917,48,2025-01-01,2025-12-31,72
918,DISC918,15,2025-01-01,2025-12-31,192
919,DISC919,26,2025-01-01,2025-12-31,922
920,DISC920,34,2025-01-01,2025-12-31,146
921,DISC921,5,2025-01-01,2025-12-31,683
922,DISC922,35,2025-01-01,2025-12-31,439
923,DISC923,26,2025-01-01,2025-12-31,22
924,DISC924,16,2025-01-01,2025-12-31,998
925,DISC925,21,2025-01-01,2025-12-31,903
926,DISC926,9,2025-01-01,2025-12-31,175
927,DISC927,48,2025-01-01,2025-12-31,779
928,DISC928,5,2025-01-01,2025-12-31,609
929,DISC929,27,2025-01-01,2025-12-31,993
930,DISC930,35,2025-01-01,2025-12-31,598
931,DISC931,5,2025-01-01,2025-12-31,501
932,DISC932,20,2025-01-01,2025-12-31,484
933,DISC933,12,2025-01-01,2025-12-31,47
934,DISC934,6,2025-01-01,2025-12-31,581
935,DISC935,48,2025-01-01,2025-12-31,298
936,DISC936,19,2025-01-01,2025-12-31,538
937,DISC937,37,2025-01-01,2025-12-31,172
938,DISC938,14,2025-01-01,2025-12-31,794
939,DISC939,11,2025-01-01,2025-12-31,103
940,DISC940,24,2025-01-01,2025-12-31,824
941,DISC941,26,2025-01-01,2025-12-31,464
942,DISC942,36,2025-01-01,2025-12-31,753
943,DISC943,27,2025-01-01,2025-12-31,559
944,DISC944,21,2025-01-01,2025-12-31,680
945,DISC945,36,2025-01-01,2025-12-31,260
946,DISC946,28,2025-01-01,2025-12-31,470
947,DISC947,5,2025-01-01,2025-12-31,848
948,DISC948,27,2025-01-01,2025-12-31,309
949,DISC949,50,2025-01-01,2025-12-31,342
950,DISC950,38,2025-01-01,2025-12-31,794
951,DISC951,47,2025-01-01,2025-12-31,878
952,DISC952,43,2025-01-01,2025-12-31,496
953,DISC953,12,2025-01-01,2025-12-31,277
954,DISC954,48,2025-01-01,2025-12-31,532
955,DISC955,45,2025-01-01,2025-12-31,22
956,DISC956,14,2025-01-01,2025-12-31,421
957,DISC957,19,2025-01-01,2025-12-31,676
958,DISC958,14,2025-01-01,2025-12-31,366
959,DISC959,36,2025-01-01,2025-12-31,32
960,DISC960,20,2025-01-01,2025-12-31,592
961,DISC961,49,2025-01-01,2025-12-31,997
962,DISC962,32,2025-01-01,2025-12-31,369
963,DISC963,18,2025-01-01,2025-12-31,763
964,DISC964,10,2025-01-01,2025-12-31,199
965,DISC965,29,2025-01-01,2025-12-31,655
966,DISC966,11,2025-01-01,2025-12-31,989
967,DISC967,22,2025-01-01,2025-12-31,899
968,DISC968,45,2025-01-01,2025-12-31,696
969,DISC969,39,2025-01-01,2025-12-31,921
970,DISC970,33,2025-01-01,2025-12-31,982
971,DISC971,38,2025-01-01,2025-12-31,180
972,DISC972,21,2025-01-01,2025-12-31,933
973,DISC973,48,2025-01-01,2025-12-31,358
974,DISC974,26,2025-01-01,2025-12-31,401
975,DISC975,42,2025-01-01,2025-12-31,428
976,DISC976,22,2025-01-01,2025-12-31,317
977,DISC977,17,2025-01-01,2025-12-31,43
978,DISC978,42,2025-01-01,2025-12-31,533
979,DISC979,49,2025-01-01,2025-12-31,352
980,DISC980,44,2025-01-01,2025-12-31,126
981,DISC981,32,2025-01-01,2025-12-31,815
982,DISC982,34,2025-01-01,2025-12-31,581
983,DISC983,27,2025-01-01,2025-12-31,296
984,DISC984,12,2025-01-01,2025-12-31,993
985,DISC985,5,2025-01-01,2025-12-31,511
986,DISC986,48,2025-01-01,2025-12-31,151
987,DISC987,34,2025-01-01,2025-12-31,698
988,DISC988,14,2025-01-01,2025-12-31,536
989,DISC989,23,2025-01-01,2025-12-31,639
990,DISC990,40,2025-01-01,2025-12-31,681
991,DISC991,15,2025-01-01,2025-12-31,311
992,DISC992,36,2025-01-01,2025-12-31,296
993,DISC993,9,2025-01-01,2025-12-31,819
994,DISC994,23,2025-01-01,2025-12-31,16
995,DISC995,34,2025-01-01,2025-12-31,42
996,DISC996,18,2025-01-01,2025-12-31,290
997,DISC997,42,2025-01-01,2025-12-31,127
998,DISC998,8,2025-01-01,2025-12-31,501
999,DISC999,24,2025-01-01,2025-12-31,6
1000,DISC1000,32,2025-01-01,2025-12-31,361
